recommendation_set_id,set_clicked
46914,0
46961,1
47012,0
47181,0
47240,0
47269,0
47271,0
47349,0
47380,0
47494,0
47517,0
47535,0
47706,0
47853,0
47980,0
48114,0
48155,0
48198,0
48299,0
48305,0
48323,0
48361,0
48415,0
48431,0
48472,0
48520,0
48583,0
48628,0
48682,0
48726,0
48747,0
48790,0
48854,0
49027,0
49061,0
49089,0
49098,0
49180,0
49194,0
49205,0
49288,0
49302,0
49327,0
49367,0
49371,0
49422,0
49453,0
49542,0
49544,0
49622,0
49712,0
49740,0
49782,0
49808,0
49870,0
49885,0
49890,0
49905,0
49928,0
49952,0
49957,0
49961,0
49979,0
50032,0
50154,0
50158,0
50232,0
50272,0
50354,0
50380,0
50404,0
50498,0
50536,0
50547,0
50552,0
50554,0
50623,0
50650,0
50667,0
50690,0
50712,0
50766,0
50813,0
50872,0
50874,0
50880,0
50950,0
51137,0
51193,0
51228,0
51259,0
51284,0
51289,0
51342,0
51391,0
51394,0
51436,0
51452,0
51460,0
51464,0
51512,0
51562,0
51647,0
51725,0
51806,0
51974,0
52021,0
52052,0
52085,0
52127,0
52139,1
52171,0
52262,0
52290,0
52443,0
52673,0
52737,0
52754,0
52780,0
52842,0
52929,0
53009,0
53117,0
53192,0
53279,0
53297,0
53319,0
53324,0
53345,0
53352,0
53451,0
53462,0
53470,0
53516,0
53631,0
53660,0
53673,0
53684,1
53722,0
53798,0
53814,0
53866,0
53898,0
53942,0
53947,0
54032,0
54055,0
54151,0
54369,0
54377,0
54402,0
54449,0
54550,0
54600,0
54666,0
54741,0
54751,0
54767,0
54827,0
54835,0
54894,0
54934,0
54968,0
54979,0
54992,0
54997,0
55075,0
55123,0
55135,0
55165,0
55211,0
55254,0
55292,0
55294,0
55337,0
55558,0
55561,0
55590,0
55639,0
55677,0
55837,0
55902,0
56048,0
56076,0
56106,0
56129,0
56136,1
56158,0
56183,0
56199,0
56254,0
56346,0
56351,0
56505,0
56554,0
56673,0
56725,0
56738,0
56756,0
56806,0
56919,0
56943,0
56990,0
57083,0
57097,0
57142,0
57150,0
57254,0
57275,0
57331,0
57551,0
57653,0
57710,0
57764,0
57779,0
57922,0
57963,0
57968,0
58058,0
58098,0
58145,0
58147,0
58156,0
58326,0
58353,0
58442,0
58553,0
58592,0
58664,0
58695,0
58742,0
58758,0
58798,0
58841,0
58923,0
58953,0
58973,0
58983,0
58998,0
59058,0
59105,0
59163,0
59210,0
59220,0
59222,0
59302,0
59348,0
59441,0
59483,0
59562,0
59649,0
59659,0
59662,0
59705,0
59768,0
59799,0
59845,0
59881,0
59903,0
59924,0
59956,0
60055,0
60077,0
60108,0
60241,0
60247,0
60248,0
60312,0
60320,0
60373,0
60562,0
60619,0
60794,0
60950,0
60951,0
60965,0
61116,0
61179,0
61262,0
61264,0
61315,0
61347,0
61410,0
61449,0
61465,0
61498,0
61676,0
61731,0
61741,0
61760,0
61761,0
61781,0
61809,0
61821,0
61839,0
61917,0
61931,0
61932,1
61974,0
62106,0
62131,0
62186,0
62200,0
62346,0
62416,0
62449,0
62531,0
62552,0
62568,1
62569,0
62573,0
62609,0
62614,0
62629,0
62639,0
62985,0
63073,0
63201,0
63225,0
63254,0
63269,0
63303,0
63362,0
63451,0
63634,0
63826,0
63866,0
63881,0
63912,0
64035,0
64077,0
64088,0
64102,0
64184,0
64366,0
64432,0
64570,0
64619,0
64622,0
64647,0
64657,0
64685,0
64693,0
64743,0
64777,0
64836,0
64851,0
64852,0
64890,0
64956,0
65054,0
65097,0
65199,0
65229,0
65284,0
65342,0
65417,0
65433,0
65476,0
65554,0
65560,0
65628,0
65657,0
65700,0
65702,0
65768,0
65818,0
65845,0
65915,0
65921,0
65981,0
66017,0
66109,0
66111,0
66115,0
66142,0
66187,0
66405,0
66413,0
66414,0
66547,0
66595,0
66616,0
66652,0
66653,0
66673,0
66699,1
66722,0
66744,0
66790,0
66792,0
66806,0
66855,0
66857,0
66959,0
66970,0
67012,0
67046,0
67067,0
67098,0
67100,1
67149,0
67150,0
67166,0
67168,0
67211,0
67214,0
67216,0
67254,0
67401,0
67445,0
67579,0
67601,0
67647,0
67789,0
67910,0
67942,0
67995,0
68015,0
68060,0
68131,0
68231,0
68302,0
68357,0
68361,0
68385,0
68403,0
68431,0
68466,0
68471,0
68496,0
68512,0
68514,0
68588,0
68599,0
68604,0
68721,0
68807,0
68819,0
68837,0
68875,0
68928,1
68967,0
69071,0
69084,0
69183,0
69188,0
69297,0
69406,0
69434,0
69470,0
69505,0
69538,0
69741,0
69777,0
69786,0
69917,0
69969,0
69974,0
69998,0
70012,0
70034,0
70066,0
70147,0
70349,0
70366,0
70379,0
70492,0
70494,0
70538,1
70588,0
70821,0
70897,0
70930,0
71038,1
71106,0
71277,0
71284,0
71349,0
71378,0
71379,0
71401,0
71402,0
71424,0
71518,0
71716,0
71726,0
71945,0
71964,0
71985,0
72027,0
72076,0
72090,0
72095,0
72179,0
72236,1
72276,0
72405,0
72409,0
72449,0
72493,0
72500,0
72539,0
72548,0
72583,0
72646,0
72665,0
72686,0
72703,0
72732,0
72799,0
72882,1
72945,0
73009,0
73018,0
73021,0
73039,0
73059,0
73086,0
73112,0
73151,0
73216,0
73260,0
73301,0
73354,0
73404,0
73408,0
73439,0
73440,0
73483,0
73614,0
73615,0
73616,0
73624,1
73726,1
73758,0
73881,0
73975,0
74016,1
74155,0
74166,0
74226,0
74279,0
74280,0
74317,0
74349,0
74358,0
74418,0
74582,0
74683,0
74746,0
74933,0
74950,0
75012,0
75045,0
75170,0
75177,0
75187,0
75194,0
75208,0
75216,0
75229,0
75295,0
75413,0
75426,0
75502,0
75592,0
75635,0
75658,0
75698,0
75704,0
75717,0
75719,1
75747,0
75823,0
75831,0
75838,0
75903,0
75910,0
75937,0
75988,0
76038,0
76053,0
76060,0
76062,0
76113,0
76136,0
76211,0
76235,0
76246,0
76277,0
76322,0
76324,0
76395,0
76401,0
76454,0
76487,1
76500,0
76507,0
76652,0
76668,0
76672,0
76687,0
76889,0
76908,0
76935,0
76945,0
76978,0
77008,0
77073,0
77095,0
77100,0
77142,0
77197,0
77202,0
77238,0
77311,0
77345,0
77433,0
77556,0
77571,0
77674,0
77735,0
77766,0
77847,0
77889,0
77922,0
77976,0
78044,0
78186,0
78192,0
78197,0
78209,0
78339,0
78349,1
78359,0
78515,0
78518,0
78587,0
78612,0
78613,0
78618,0
78723,0
78737,0
78752,0
78783,0
78871,0
78873,0
78982,0
79069,0
79072,0
79087,0
79130,0
79154,0
79182,0
79196,0
79199,0
79229,0
79241,0
79315,0
79434,0
79450,0
79477,0
79514,0
79552,0
79553,0
79649,0
79836,0
79856,0
79945,0
79992,0
80018,0
80190,0
80327,0
80407,0
80455,0
80460,0
80498,0
80528,0
80573,0
80685,1
80702,0
80704,0
80760,0
80853,0
80904,0
80913,0
80928,0
80982,0
80992,0
81426,0
81455,0
81509,0
81530,0
81557,0
81571,0
81574,0
81683,0
81760,0
81786,0
81995,0
82022,0
82105,0
82274,0
82295,0
82310,0
82366,0
82411,0
82474,0
82525,0
82863,0
82914,0
82968,0
82980,0
83081,0
83093,0
83118,0
83120,0
83137,0
83141,0
83355,0
83357,0
83402,0
83482,0
83630,0
83643,0
83718,0
83721,0
83772,0
83826,0
83841,0
83874,0
83949,0
83960,0
84027,0
84104,0
84106,0
84143,0
84237,0
84255,0
84324,0
84331,0
84375,0
84431,0
84519,0
84523,0
84552,0
84555,0
84694,0
84771,0
84824,0
84970,0
84999,0
85003,0
85040,0
85120,0
85162,0
85218,0
85262,0
85306,0
85311,0
85339,0
85419,0
85462,0
85471,0
85474,0
85515,0
85547,0
85560,0
85568,0
85580,0
85652,0
85703,0
85816,0
85942,0
86036,0
86055,0
86080,0
86082,0
86088,0
86089,0
86113,0
86229,0
86254,0
86274,0
86355,0
86455,0
86474,0
86498,0
86507,0
86601,0
86656,0
86662,0
86716,0
86750,0
86756,0
86873,0
86908,0
87259,0
87268,1
87287,0
87292,0
87399,0
87418,0
87494,0
87497,0
87532,0
87616,0
87644,0
87832,0
87834,0
87845,0
87921,0
87949,0
88025,0
88225,0
88286,0
88292,0
88304,0
88371,0
88382,0
88442,0
88526,0
88606,0
88628,0
88787,0
88825,1
88917,0
88944,0
88950,0
88964,0
88999,0
89045,0
89137,0
89233,0
89413,0
89431,0
89501,0
89556,0
89579,0
89601,0
89632,0
89747,0
89754,0
89780,0
89903,0
89913,0
90246,0
90251,0
90283,0
90293,0
90319,0
90362,0
90364,0
90365,0
90416,0
90477,0
90552,0
90564,0
90608,0
90623,0
90676,0
90739,0
90856,0
91050,0
91081,1
91096,0
91138,0
91232,0
91234,0
91422,0
91577,0
91604,0
91744,0
91757,0
91763,0
91781,0
91790,0
91854,0
91882,0
91894,0
91908,0
91946,0
91974,0
91983,0
92002,0
92105,0
92128,0
92176,0
92255,0
92258,0
92363,0
92494,0
92508,0
92595,0
92647,0
92739,0
92756,0
92765,0
92853,0
92889,0
93011,0
93067,0
93188,0
93258,0
93275,0
93276,0
93305,0
93459,0
93591,0
93662,0
93676,0
93702,0
93733,0
93849,0
93874,0
93914,0
94017,0
94031,0
94056,0
94093,0
94096,0
94126,1
94239,0
94273,0
94372,0
94437,0
94486,0
94624,0
94738,0
94788,0
94816,0
94953,0
94958,0
94984,0
94986,0
95013,0
95036,0
95063,0
95100,0
95120,0
95186,0
95349,0
95353,0
95397,0
95417,0
95709,0
95762,0
95957,0
95979,0
95980,1
95998,0
95999,0
96034,0
96036,0
96046,0
96090,0
96111,0
96123,0
96173,0
96266,0
96364,0
96370,0
96421,0
96464,0
96473,0
96500,0
96519,0
96527,0
96530,0
96543,0
96597,0
96625,0
96665,0
96688,0
96692,0
96766,0
96770,0
96961,0
96990,0
97025,0
97048,0
97115,0
97141,0
97166,0
97189,0
97212,1
97332,0
97395,0
97427,0
97431,0
97435,0
97447,0
97647,0
97671,0
97704,0
97718,0
97887,0
97910,0
97929,0
98002,0
98029,0
98031,0
98057,0
98063,0
98071,0
98120,0
98158,0
98241,0
98245,0
98251,0
98327,0
98377,0
98443,0
98578,0
98583,0
98717,0
98745,0
98836,0
98863,0
98934,0
99055,0
99070,0
99179,0
99199,0
99386,0
99425,0
99481,0
99565,0
99688,0
99727,0
99799,0
99820,0
99862,0
99913,0
99924,0
99948,0
99967,0
100101,0
100126,0
100131,0
100283,0
100330,0
100376,0
100386,0
100398,0
100475,0
100480,0
100835,0
101002,0
101036,0
101127,0
101259,0
101368,0
101406,0
101420,0
101542,0
101568,0
101601,0
101624,0
101665,0
101708,0
101757,0
101777,0
101835,0
101836,0
101884,0
101900,0
101920,0
101974,0
102013,0
102029,0
102071,0
102096,0
102097,0
102109,0
102128,0
102191,0
102192,0
102232,0
102265,0
102359,0
102404,0
102479,0
102529,0
102611,0
102638,0
102767,1
102889,0
102934,0
102945,0
103078,0
103085,0
103091,0
103093,0
103201,0
103323,0
103346,0
103401,0
103527,0
103564,0
103577,0
103650,0
103661,0
103717,0
103720,0
103788,0
103856,0
103860,0
103863,0
103912,0
103974,0
104006,0
104121,0
104209,0
104346,0
104489,0
104493,0
104546,0
104687,0
104710,0
104741,0
104761,0
104901,0
104926,0
104997,0
105092,0
105121,0
105133,0
105137,0
105158,0
105533,0
105690,0
105747,0
105751,0
105777,0
105789,0
105851,0
105869,0
105898,0
106015,0
106043,0
106047,0
106073,0
106086,0
106115,0
106119,0
106241,0
106278,0
106287,0
106409,0
106450,0
106677,0
106693,0
106710,0
106739,0
106812,0
106891,0
107044,0
107121,0
107173,0
107214,0
107225,0
107247,0
107341,0
107353,0
107358,0
107422,0
107528,0
107563,0
107653,0
107704,0
107814,0
107834,0
107894,0
107912,0
107958,0
108002,0
108083,0
108154,0
108238,1
108262,0
108300,0
108502,0
108576,0
108579,0
108647,0
108653,1
108727,0
108761,0
108785,0
108925,0
109005,0
109042,0
109113,0
109221,0
109248,0
109276,0
109343,0
109466,0
109579,0
109626,0
109652,0
109659,0
109698,0
109706,0
109749,0
109798,0
109868,0
109918,0
109952,0
109959,0
109985,0
110014,0
110092,0
110154,0
110323,0
110373,1
110516,0
110531,0
110627,0
110701,0
110731,0
110770,0
110772,0
110775,0
110830,0
110862,0
110884,0
111011,0
111012,0
111067,0
111106,0
111114,0
111260,0
111503,0
111560,0
111591,0
111851,0
111954,0
111957,0
111978,0
112014,0
112034,0
112221,0
112296,0
112335,0
112368,0
112383,0
112391,0
112432,0
112438,0
112455,0
112473,0
112474,0
112501,0
112528,0
112529,0
112556,0
112626,0
112674,0
112701,0
112710,0
112748,0
112772,0
112789,0
112804,0
112835,0
112853,0
112876,0
112894,0
113005,0
113029,0
113101,0
113123,0
113231,0
113288,0
113341,0
113532,0
113569,0
113637,0
113656,0
113916,0
113961,0
114010,0
114071,0
114185,0
114196,0
114206,0
114269,0
114278,1
114293,0
114309,0
114313,0
114357,0
114428,0
114471,0
114487,0
114518,0
114547,1
114568,0
114584,0
114612,0
114642,0
114671,0
114687,0
114698,0
114722,0
114775,0
114869,0
114881,0
115070,0
115121,0
115130,0
115134,0
115135,0
115197,0
115356,0
115414,0
115438,0
115465,0
115630,0
115703,0
115872,0
115906,0
115976,0
116015,0
116177,0
116256,0
116262,0
116311,0
116324,0
116370,0
116372,0
116478,0
116487,0
116500,0
116603,0
116638,0
116708,0
116749,0
116765,0
116945,0
117212,0
117317,0
117323,0
117337,0
117393,0
117434,0
117506,0
117612,0
117640,0
117738,0
117916,0
117954,0
117987,0
118049,0
118054,0
118061,0
118111,0
118182,0
118184,0
118246,0
118251,0
118288,0
118315,0
118341,0
118402,0
118653,0
118812,0
118883,0
118924,0
119000,0
119069,0
119163,0
119179,0
119241,0
119242,0
119251,0
119414,0
119447,0
119505,0
119507,0
119552,0
119607,0
119609,0
119653,0
119674,0
119718,0
119788,0
119820,0
119840,0
119954,0
119994,0
120162,0
120236,0
120258,0
120361,0
120522,0
120552,0
120624,0
120648,0
120656,0
120678,0
120705,0
120728,0
120801,0
120873,0
120974,0
121086,0
121225,0
121232,0
121267,0
121381,0
121401,0
121473,0
121538,0
121582,0
121587,0
121631,0
121728,0
121747,0
121792,0
121833,0
121973,0
122070,0
122100,0
122104,0
122117,0
122142,0
122243,0
122267,0
122421,0
122437,0
122466,0
122538,0
122558,0
122658,0
122790,0
122847,0
122911,0
122970,0
123022,0
123053,0
123069,0
123115,0
123132,0
123197,0
123260,0
123311,0
123367,0
123380,0
123392,0
123396,0
123422,0
123435,0
123526,0
123559,0
123622,0
123794,0
123922,0
123936,0
124015,0
124127,0
124132,0
124182,0
124198,0
124213,0
124251,0
124429,0
124445,1
124453,0
124523,0
124557,0
124592,0
124901,0
124973,0
125061,0
125091,0
125146,0
125217,0
125311,0
125320,0
125357,0
125365,0
125396,0
125427,0
125577,0
125617,0
125693,0
125697,0
125725,0
125752,0
125753,0
125759,0
125761,0
125801,0
125820,0
125855,0
125856,0
125858,0
125909,0
125911,0
125943,0
125972,0
125991,0
126068,0
126082,0
126116,0
126176,0
126185,0
126200,0
126242,0
126257,0
126270,0
126295,0
126484,0
126511,0
126540,0
126558,0
126560,0
126611,0
126714,0
126777,0
126816,0
126866,0
126961,0
126996,0
127059,0
127109,0
127125,0
127136,0
127163,0
127214,0
127344,0
127370,0
127461,0
127478,0
127516,0
127561,0
127587,0
127658,0
127788,0
127818,0
127839,0
127885,0
127935,0
127985,0
128019,0
128151,0
128216,0
128252,0
128285,0
128424,0
128479,0
128521,0
128532,0
128837,0
128845,0
128949,0
128958,0
128962,0
128976,0
128993,0
128997,0
129012,0
129054,0
129176,1
129179,0
129188,0
129243,0
129265,0
129280,0
129285,0
129295,0
129333,0
129693,0
129719,0
129796,0
129834,0
129838,0
130174,0
130274,0
130309,0
130315,0
130333,0
130347,0
130389,0
130476,0
130508,0
130565,0
130577,0
130641,0
130691,0
130769,0
130929,0
131063,0
131127,0
131134,0
131141,0
131293,0
131313,0
131352,0
131437,0
131471,0
131507,0
131596,0
131607,0
131616,0
131629,0
131640,0
131662,0
131849,0
131922,0
132051,0
132067,0
132102,0
132307,0
132322,0
132396,0
132574,0
132642,0
132657,0
132686,0
132729,0
132788,0
132794,0
132835,0
132858,0
132886,0
133142,0
133153,0
133208,0
133244,0
133257,0
133285,0
133350,0
133375,0
133398,0
133461,0
133520,0
133617,0
133695,0
133738,0
133820,0
133871,0
133901,0
133902,0
133948,0
133982,0
134116,0
134136,0
134137,0
134206,0
134247,0
134281,0
134338,0
134514,0
134529,0
134594,0
134632,0
134834,0
134883,0
134930,0
135054,0
135134,0
135144,0
135150,0
135209,0
135245,0
135304,0
135342,0
135361,0
135488,0
135506,0
135538,0
135540,0
135562,0
135580,0
135662,0
135714,0
135723,0
135745,0
135833,0
135904,0
135963,0
136084,0
136119,0
136127,0
136261,0
136300,0
136316,0
136350,0
136394,0
136431,0
136497,0
136529,0
136634,0
137032,0
137073,0
137105,0
137123,0
137214,0
137281,0
137285,0
137334,0
137360,0
137433,0
137457,0
137487,0
137552,0
137600,0
137634,0
137656,0
137779,0
137857,0
137898,0
138039,0
138125,0
138234,0
138242,0
138287,0
138350,0
138356,0
138391,0
138393,0
138623,0
138673,0
138761,0
138851,0
138862,0
138976,0
138977,0
138984,0
139288,0
139346,0
139420,0
139529,0
139575,0
139775,0
139812,0
139876,0
140176,0
140453,0
140661,0
140713,1
142022,0
142265,0
142474,0
142616,0
142933,0
143905,0
147068,0
147157,0
147195,0
147231,0
147239,0
147427,0
147468,0
147500,0
147573,0
147606,0
147669,0
147691,0
147791,0
147879,0
148058,0
148131,0
148268,0
148303,0
148418,0
148444,0
148491,0
148532,0
148548,0
148570,0
148599,0
148715,0
148756,0
148811,0
149105,0
149113,0
149216,0
149328,0
149344,0
149381,0
149408,0
149427,0
149525,0
149537,0
149578,0
149599,0
149654,0
149669,0
149764,0
149818,0
149852,0
149934,0
149946,0
149949,0
149954,0
149960,0
149981,0
150097,0
150153,0
150222,0
150284,0
150313,0
150432,0
150532,0
150578,0
150680,0
150731,0
150949,0
151092,1
151112,0
151363,0
151491,0
151561,0
151591,0
151671,0
151687,0
151792,0
151866,0
151951,0
151986,0
151992,0
152096,0
152119,0
152182,0
152234,1
152274,0
152338,0
152390,0
152425,0
152775,0
152781,0
152795,0
152814,0
152852,0
152956,0
153907,0
154342,0
154365,0
154556,0
154563,0
154655,0
154862,0
154946,0
155269,0
155273,0
155310,0
155402,0
155406,0
155407,0
155528,0
155669,0
155683,0
155700,0
155751,0
155804,0
155811,0
155852,0
155883,0
155901,0
155920,0
155973,0
156000,1
156025,0
156038,0
156049,0
156129,0
156167,0
156306,0
156364,0
156375,0
156405,0
156422,0
156543,0
156694,0
156747,0
156752,0
156756,1
156778,0
156848,0
156852,0
156886,0
156899,0
156935,0
156977,0
156987,0
157003,0
157020,0
157279,0
157288,0
157800,0
157884,0
157894,0
157942,0
158226,0
158283,0
158454,1
158492,0
158650,1
158773,0
158792,0
158805,0
158818,0
158822,0
158850,0
158867,0
158882,0
158903,0
158907,0
159213,0
159323,0
159324,0
159407,0
159408,0
159445,1
159522,0
159568,0
159569,0
159636,1
159751,0
159761,0
159786,1
159791,0
159891,0
159968,0
159996,0
160004,0
160102,0
160138,1
160176,0
160409,0
160530,0
160555,0
160592,0
160743,0
160746,0
160780,0
160807,0
160999,1
161191,0
161206,0
161262,0
161286,0
161366,1
161468,0
161676,0
161679,0
161759,0
161776,0
161821,0
161828,0
161831,0
161832,0
162000,0
162033,0
162084,0
162085,0
162087,0
162340,0
162365,0
162519,0
162582,0
162726,0
162737,0
162771,0
162856,0
162894,0
162964,0
163158,0
163172,0
163175,0
163185,0
163264,0
163357,0
163456,0
163485,0
163494,0
163633,0
163719,0
163809,0
163815,0
163818,0
164244,0
164277,0
164308,0
164317,0
164378,0
164392,0
164399,0
164416,0
164422,0
164447,0
164466,0
164651,0
164789,0
165016,0
165224,0
165240,0
165336,0
165537,0
165577,0
165600,0
165703,0
165791,0
165796,0
165801,0
165860,0
165869,0
165884,0
165891,0
165953,0
165990,0
166078,0
166178,0
166464,0
166496,0
166515,0
166603,0
166633,1
166667,0
166939,0
166943,0
167099,0
167143,0
167146,0
167391,0
167400,0
167443,0
167481,0
167697,0
167718,0
167771,0
167775,0
167924,0
167940,0
168012,0
168016,0
168112,0
168124,0
168210,0
168214,0
168257,0
168275,0
168344,0
168416,0
168463,0
168732,0
168779,0
168850,0
168942,0
168959,0
168975,0
169086,0
169109,0
169159,0
169230,0
169242,0
169281,0
169305,0
169315,0
169318,0
169352,0
169476,0
169485,0
169561,0
169642,0
169688,0
169730,0
169867,0
169894,0
169933,0
169983,0
170008,0
170026,0
170112,0
170136,0
170166,0
170210,0
170223,0
170258,0
170266,0
170467,0
170472,0
170481,0
170603,0
170659,0
170677,0
170681,0
170733,1
170789,0
170854,0
170885,0
171016,0
171032,0
171042,0
171133,0
171140,0
171157,0
171176,0
171317,0
171328,0
171344,0
171391,0
171526,0
171549,0
171563,0
171641,0
171658,0
171855,0
171973,0
171978,0
172057,0
172130,0
172170,0
172176,0
172236,0
172333,0
172341,0
172458,0
172511,0
172524,0
172545,0
172578,0
172692,0
172695,0
172707,0
172736,0
172793,0
172842,0
172846,1
172881,0
172973,0
173260,0
173376,0
173424,0
173449,0
173472,0
173514,0
173573,0
173644,0
173667,0
173713,0
173723,0
173727,0
173746,0
173752,0
173777,0
173894,0
173979,0
174003,0
174073,0
174133,0
174146,0
174169,0
174180,0
174206,0
174695,0
174823,0
174897,0
174912,0
174914,0
174921,0
174928,0
175011,0
175020,0
175034,0
175153,0
175197,0
175222,0
175296,1
175474,0
175483,0
175500,0
175521,0
175532,0
175567,0
175711,0
175741,0
175757,0
175928,0
175983,1
176029,0
176138,0
176156,0
176245,0
176380,0
176457,0
176527,0
176695,0
176729,0
176762,0
176844,0
176867,0
176981,0
177010,0
177027,0
177052,0
177085,0
177140,0
177311,0
177380,0
177473,0
177553,0
177558,0
177621,0
177656,0
177677,0
177680,0
177686,0
177734,0
177758,0
177803,0
177874,0
177886,0
177940,0
177956,0
178004,0
178007,0
178012,0
178222,0
178250,0
178251,0
178302,0
178320,0
178447,0
178448,0
178483,0
178508,0
178695,0
178700,0
178712,0
178812,0
178817,0
178821,0
178822,0
178905,0
178959,0
179088,0
179189,0
179197,0
179245,0
179322,0
179444,0
179449,0
179559,0
179663,0
179702,0
179726,1
179740,0
179869,0
179880,0
179932,0
179939,0
179946,0
179975,0
179997,0
180016,0
180038,0
180131,0
180175,0
180269,0
180429,0
180440,0
180507,0
180529,0
180573,0
180832,0
180865,0
180896,0
180908,0
181005,0
181056,0
181079,0
181132,0
181136,0
181164,0
181174,0
181212,0
181280,0
181535,0
181612,0
181648,0
181833,0
181837,0
181838,0
182068,0
182116,0
182148,0
182181,0
182186,0
182191,0
182192,0
182272,0
182275,0
182282,0
182328,0
182526,0
182563,0
182620,0
182658,0
182698,0
182732,0
182740,0
182790,0
182794,0
182901,0
182911,1
182971,0
183057,0
183068,0
183108,0
183159,0
183227,0
183234,0
183264,0
183277,0
183297,0
183315,0
183417,0
183471,0
183535,0
183587,0
183730,0
183871,0
183928,0
184005,0
184022,1
184025,0
184242,0
184244,0
184326,0
184464,0
184502,0
184503,0
184523,0
184578,0
184674,0
184768,0
184779,0
184797,0
184844,0
184934,0
184979,0
184992,0
185098,0
185113,0
185208,0
185271,0
185281,0
185343,0
185345,0
185383,0
185403,0
185452,0
185460,0
185537,0
185673,0
185817,0
185835,0
185940,0
186043,0
186106,0
186113,0
186141,0
186233,0
186317,0
186342,0
186424,0
186448,0
186751,0
186805,0
186991,0
187001,0
187035,0
187074,0
187099,0
187104,0
187148,0
187226,0
187327,0
187450,0
187569,0
187621,0
187719,0
187785,0
187849,0
187864,0
187867,0
187945,0
187958,0
187976,0
187992,0
188036,0
188072,0
188078,0
188082,0
188177,0
188183,0
188198,0
188215,0
188317,0
188383,0
188522,0
188587,0
188737,0
188780,0
188817,0
188878,0
188903,1
188906,0
188914,0
188957,0
189031,0
189106,0
189163,0
189233,0
189281,0
189344,0
189359,0
189362,0
189381,0
189383,0
189385,0
189429,0
189433,0
189473,0
189587,0
189606,0
189609,0
189623,0
189630,0
189765,0
189793,1
189825,0
189870,0
189887,0
189908,0
189967,0
190014,0
190015,0
190067,0
190101,0
190190,0
190242,0
190312,0
190328,0
190367,0
190457,0
190498,0
190540,0
190613,0
190667,0
190766,0
191044,0
191076,0
191151,0
191161,0
191175,0
191187,0
191208,0
191223,0
191241,0
191252,0
191296,0
191316,0
191378,0
191409,0
191599,0
191613,0
191625,0
191639,0
191753,0
191841,0
191865,0
191868,1
191883,0
191959,0
191984,0
192002,0
192012,0
192259,0
192268,0
192279,0
192570,0
192583,0
192678,0
192727,0
192862,0
192895,0
193012,0
193077,0
193097,0
193103,0
193115,0
193171,0
193222,0
193223,0
193229,0
193384,0
193421,0
193484,0
193575,0
193577,0
193667,0
193679,0
193756,0
193824,0
193997,0
194149,0
194177,0
194216,0
194253,0
194312,0
194336,0
194359,0
194395,0
194451,0
194507,0
194514,0
194570,0
194593,0
194642,0
194734,0
194762,0
194801,0
194807,0
194935,0
195054,0
195135,0
195218,1
195226,0
195263,0
195278,0
195288,0
195300,0
195325,0
195340,0
195351,0
195392,0
195394,0
195515,0
195529,0
195535,0
195610,0
195615,0
195695,0
195705,0
195776,0
195784,0
195786,0
195806,0
195824,0
195865,0
195945,0
195953,0
195956,0
195959,0
195967,0
195979,0
195994,0
196058,0
196349,0
196376,0
196380,0
196435,0
196550,0
196555,0
196719,0
196743,0
196751,0
196826,0
196989,0
197531,0
197611,0
197642,0
197711,0
197728,0
197795,0
197832,0
197867,0
197914,0
197925,0
197995,0
198004,0
198068,0
198101,0
198282,0
198309,0
198344,0
198484,0
198559,0
198600,0
198601,0
198672,0
198676,0
198702,0
198709,0
198737,0
198747,0
198788,0
198796,0
198806,0
198814,0
198824,0
198826,0
198960,0
199007,0
199037,0
199039,1
199138,0
199243,0
199322,0
199523,0
199759,0
199884,0
199908,0
199911,0
199920,0
199942,0
199973,0
199989,0
200092,1
200193,0
200198,0
200224,0
200236,0
200252,0
200463,1
200490,0
200492,0
200544,0
200597,0
200618,0
200628,0
200746,0
200750,0
200828,0
200973,0
200983,0
201063,0
201134,0
201203,0
201212,0
201346,0
201396,0
201414,0
201430,0
201477,0
201484,0
201494,0
201544,0
201593,0
201658,0
201762,0
201799,0
201873,0
201903,0
202051,0
202060,0
202062,0
202144,1
202358,0
202385,0
202422,0
202433,0
202434,0
202508,0
202511,0
202532,0
202636,0
202651,0
202782,0
202848,0
202896,0
202933,0
203158,0
203240,0
203380,0
203409,0
203414,0
203426,0
203450,0
203505,0
203535,0
203539,0
203549,0
203551,0
203556,0
203834,0
203872,0
203897,0
203917,0
203973,0
204034,0
204043,0
204060,0
204118,1
204127,0
204182,0
204243,0
204264,0
204284,0
204444,0
204606,0
204685,0
204744,0
204759,0
204856,0
204947,0
204953,0
205269,0
205298,0
205371,0
205454,0
205581,0
205599,0
205617,1
205645,0
205706,0
205841,0
205865,0
205877,0
205895,0
206004,0
206029,0
206049,0
206069,0
206136,0
206146,0
206159,0
206223,0
206343,0
206367,0
206401,0
206552,0
206567,1
206730,0
206789,0
206825,0
206836,0
206870,0
206871,0
207010,0
207055,1
207093,0
207174,0
207336,0
207392,0
207469,0
207480,0
207561,0
207563,0
207573,0
207611,0
207625,0
207688,0
207728,0
207730,0
207752,0
207777,0
207840,0
207918,0
207944,0
208069,0
208076,0
208079,0
208090,0
208111,0
208248,0
208283,0
208318,0
208439,0
208475,0
208494,0
208541,0
208547,0
208591,0
208691,0
208718,0
208725,0
208748,0
208784,0
208810,0
208895,0
208896,0
208902,0
208913,0
208925,0
208988,0
209028,0
209038,0
209336,0
209419,0
209545,0
209666,0
209713,0
209741,0
209794,0
210000,0
210027,0
210067,0
210113,0
210134,0
210204,0
210271,0
210350,0
210364,0
210547,0
210598,0
210627,0
210667,0
210840,0
210857,0
210925,0
210985,0
210990,0
211088,0
211100,0
211102,0
211112,0
211143,0
211203,0
211320,0
211331,0
211455,0
211488,0
211517,0
211521,0
211525,0
211559,0
211665,0
211729,0
211839,0
211926,0
211943,0
212181,0
212269,0
212279,0
212293,0
212355,0
212515,0
212523,0
212603,0
212637,0
212645,1
212666,0
212712,0
212713,0
212828,0
212835,0
212851,0
213015,0
213179,0
213318,0
213319,0
213369,0
213473,0
213568,0
213584,0
213590,0
213684,0
213719,0
213782,0
213818,0
213922,0
213971,0
214007,0
214029,0
214042,0
214049,0
214076,0
214096,0
214173,0
214185,0
214234,0
214370,0
214428,0
214474,0
214504,0
214575,0
214588,0
214740,0
214743,0
214803,0
214845,0
214874,0
214912,0
214985,0
215061,0
215065,0
215076,0
215133,0
215181,0
215224,0
215311,0
215323,0
215369,0
215407,0
215430,0
215495,0
215562,0
215602,0
215632,0
215649,0
215768,0
215788,0
215807,0
215821,0
215823,1
215895,0
215967,0
216018,0
216084,0
216111,0
216115,0
216146,0
216223,0
216397,0
216455,0
216531,0
216545,0
216577,0
216626,0
216689,0
216707,0
216731,0
216769,0
216784,0
216823,0
216896,0
216958,0
216981,0
217019,0
217028,0
217067,0
217196,0
217271,0
217329,0
217330,0
217449,0
217475,0
217479,0
217509,0
217544,0
217568,0
217642,0
217808,0
217888,0
217891,0
217928,0
217977,0
217987,0
218006,0
218038,0
218076,0
218151,0
218154,0
218264,0
218283,0
218308,0
218379,0
218432,0
218497,0
218508,0
218518,0
218538,0
218544,0
218600,0
218604,0
218608,0
218621,0
218742,0
218892,0
218899,0
218907,0
218937,0
219005,1
219009,0
219087,0
219144,0
219193,0
219221,0
219269,0
219291,0
219392,0
219401,0
219407,0
219419,0
219466,0
219476,0
219521,0
219549,0
219562,0
219601,0
219616,0
219728,0
219787,0
219794,0
219862,0
219887,0
219974,0
220014,0
220067,0
220159,0
220280,0
220413,0
220450,0
220514,0
221007,0
221117,0
221234,0
221244,0
221250,0
221401,0
221427,0
221576,0
221729,0
221750,0
221761,0
221796,0
221800,0
221967,0
221971,0
221977,0
222167,0
222171,0
222181,0
222246,0
222250,0
222257,0
222274,0
222334,0
222354,0
222392,0
222476,0
222554,0
222573,0
222634,0
222739,0
222780,0
222824,0
222838,0
222865,0
222866,0
222903,0
222996,0
223032,0
223036,0
223042,0
223082,0
223151,0
223243,0
223268,0
223289,0
223311,0
223365,0
223485,0
223545,0
223588,0
223645,0
223692,0
223854,0
223876,0
224204,0
224215,0
224229,0
224230,0
224242,0
224307,0
224320,0
224341,0
224365,0
224423,0
224466,0
224490,0
224599,0
224660,0
224759,0
224784,0
224878,0
224958,0
225051,0
225063,0
225106,0
225183,0
225204,0
225211,0
225357,0
225427,0
225449,0
225524,0
225647,0
225652,0
225750,0
225768,0
225774,0
225802,0
225822,0
225890,0
225924,0
226008,0
226246,0
226312,0
226318,0
226320,0
226398,0
226429,0
226464,0
226467,0
226483,0
226589,0
226619,0
226767,0
226811,0
226853,0
226945,0
226956,0
227022,0
227088,0
227177,0
227184,0
227393,0
227487,0
227560,0
227700,0
227710,0
227713,0
227743,0
227756,0
227773,0
227846,0
227886,0
228039,0
228130,0
228217,0
228384,0
228543,0
228693,0
228762,0
228790,0
228936,0
228939,0
228949,0
228969,0
229008,0
229093,0
229131,0
229241,0
229312,0
229428,0
229470,0
229489,0
229541,0
229586,0
229589,0
229708,0
229747,0
229946,0
229970,0
229990,0
230054,0
230083,0
230162,0
230203,0
230364,1
230432,0
230440,0
230460,0
230547,0
230551,0
230563,0
230587,1
230722,0
230764,0
230765,0
230895,0
230979,0
230997,0
231020,0
231026,0
231032,0
231219,0
231241,0
231322,0
231469,0
231483,0
231552,0
231591,0
231847,0
231911,0
232022,0
232078,0
232106,0
232148,0
232161,0
232236,0
232241,0
232283,0
232356,0
232448,0
232461,0
232491,0
232542,0
232573,0
232600,0
232663,0
232706,0
232837,0
232860,0
232891,0
232910,0
232935,0
232968,0
233076,0
233124,0
233173,1
233197,0
233283,0
233337,0
233357,0
233385,0
233387,0
233414,0
233434,0
233493,0
233563,0
233669,0
233683,0
233710,0
233745,0
233766,0
233775,0
233817,0
233821,0
233941,0
233945,0
233960,0
233973,0
234020,0
234074,0
234077,0
234094,0
234123,0
234170,0
234190,0
234228,0
234239,0
234292,0
234360,0
234462,0
234530,0
234591,0
234667,0
234744,0
234747,0
234756,0
234777,0
234811,0
234818,0
234825,0
234871,0
235025,0
235053,0
235055,0
235075,0
235207,0
235250,0
235339,0
235717,1
235727,0
235746,0
235800,0
235845,0
235880,0
235895,0
235944,0
236049,0
236052,0
236053,0
236097,0
236118,0
236143,0
236158,0
236187,0
236258,0
236291,0
236325,0
236353,0
236357,0
236441,0
236601,0
236618,0
236680,0
236723,0
236752,0
236887,0
236911,0
236914,0
236962,0
237004,0
237184,0
237196,0
237263,0
237313,0
237372,0
237383,0
237503,0
237611,0
237615,0
237694,0
237711,0
237752,0
237803,0
237833,0
237916,0
237932,0
237937,0
237981,0
238005,0
238023,0
238031,0
238045,0
238111,0
238114,0
238181,0
238198,0
238199,0
238304,0
238421,0
238514,0
238527,0
238560,0
238625,0
238628,0
238638,0
238672,0
238776,0
238806,0
238857,0
238890,0
238891,0
238974,0
239010,0
239017,0
239212,0
239342,0
239345,0
239361,0
239395,0
239474,0
239537,0
239658,0
239660,0
239663,0
239680,0
239771,0
239824,0
239917,0
239929,0
239966,0
240102,0
240197,0
240210,0
240386,0
240480,0
240571,0
240604,0
240605,0
240613,0
240695,0
240742,0
240889,0
240902,0
241013,0
241133,0
241145,0
241219,0
241256,0
241318,0
241346,0
241370,0
241385,0
241441,0
241486,0
241530,0
241617,0
241695,0
241709,0
241740,0
241816,0
241832,0
241952,0
241984,0
242036,0
242110,0
242166,0
242215,0
242217,0
242345,0
242430,0
242443,0
242457,0
242464,0
242494,0
242560,0
242657,0
242665,0
242767,0
242912,0
242931,0
243136,0
243282,0
243329,0
243354,0
243368,0
243409,0
243472,0
243553,0
243555,0
243592,0
243594,0
243665,0
243677,0
243901,0
243946,0
243962,0
243966,0
243972,0
244032,0
244063,0
244169,0
244208,0
244210,0
244272,0
244290,0
244325,0
244326,0
244453,0
244482,0
244483,0
244620,0
244651,0
244705,0
244706,0
244787,0
244855,0
244889,0
244909,0
244927,0
244936,0
244956,0
245015,0
245022,0
245029,0
245037,0
245064,0
245078,0
245130,0
245131,0
245189,0
245227,1
245272,0
245274,0
245316,0
245332,0
245335,0
245358,0
245418,0
245445,0
245457,0
245629,0
245720,0
245799,0
245845,0
245847,0
246286,0
246423,0
246511,0
246523,0
246580,0
246585,0
246657,0
246761,0
246795,0
246804,0
246805,0
246822,0
246838,0
246861,0
246913,0
247040,0
247048,0
247086,0
247187,0
247202,0
247283,0
247397,0
247407,0
247413,0
247424,0
247482,0
247489,0
247555,0
247576,0
247579,0
247690,0
247730,0
247919,0
247922,0
247923,0
247930,0
247947,0
248029,0
248040,0
248043,0
248052,0
248110,0
248124,0
248127,0
248166,0
248239,0
248241,0
248401,0
248504,0
248593,0
248647,0
248785,0
248875,0
248891,0
248936,0
248955,0
249129,0
249269,0
249279,0
249364,0
249537,0
249573,0
249687,0
249709,0
249923,0
249949,0
249978,0
250033,0
250169,0
250183,0
250269,0
250445,0
250584,0
250804,0
250887,0
250892,0
250912,0
250960,0
250986,0
251061,0
251146,0
251217,0
251248,0
251255,0
251462,0
251556,0
251578,0
251615,0
251694,0
251771,0
251779,0
251809,0
251829,0
251831,0
251852,0
251991,0
251994,0
252126,0
252137,0
252153,0
252215,0
252373,0
252404,0
252425,0
252474,0
252572,0
252626,0
252670,0
252706,0
252752,0
252778,0
252849,0
252934,0
253021,0
253119,0
253122,0
253159,0
253273,0
253294,0
253403,0
253425,0
253431,0
253482,0
253485,0
253510,0
253636,0
253650,0
253686,0
253813,0
253826,1
253939,0
253958,0
254028,0
254163,0
254166,0
254171,0
254206,0
254221,0
254247,0
254249,0
254289,0
254314,0
254316,0
254349,0
254383,0
254449,0
254472,0
254488,0
254552,0
254614,0
254657,0
254661,0
254687,0
254715,0
254818,0
254820,0
254821,0
254830,0
254833,0
254848,0
254863,0
254872,0
254880,0
254976,0
255038,0
255074,0
255084,0
255178,0
255205,0
255270,0
255425,0
255466,0
255511,0
255529,0
255560,0
255561,0
255615,0
255632,0
255636,0
255671,0
255732,0
255771,0
255783,0
255807,0
255883,0
255889,0
255962,0
256047,0
256050,0
256117,0
256153,0
256162,0
256241,0
256249,0
256311,0
256320,0
256342,0
256346,1
256348,1
256352,0
256359,0
256364,0
256431,0
256485,0
256540,0
256570,0
256585,0
256703,0
256738,0
256786,0
256788,0
256821,0
256861,0
256868,0
256874,0
256938,0
256970,0
256991,0
257038,0
257048,0
257118,0
257170,0
257212,0
257281,0
257371,0
257529,0
257841,0
257901,0
257909,0
257927,0
258051,0
258168,0
258378,0
258386,0
258398,0
258455,0
258477,0
258574,0
258608,0
258646,0
258669,0
258698,0
258727,0
258827,0
258875,0
258884,0
258890,0
258898,0
258935,0
258939,0
258949,0
258987,0
259026,0
259108,0
259116,0
259128,0
259181,0
259240,0
259243,0
259260,0
259345,0
259388,0
259392,0
259496,0
259497,0
259521,0
259553,0
259572,0
259662,0
259762,0
259918,0
259944,0
259997,0
260055,0
260184,0
260314,0
260400,0
260421,0
260483,0
260563,0
260613,0
260676,0
260707,0
260833,0
260871,0
261031,0
261096,0
261143,0
261160,0
261298,0
261371,0
261453,0
261462,0
261595,0
261663,0
261726,0
261871,0
261877,1
261945,0
261969,0
261987,0
262070,0
262157,0
262245,0
262299,0
262347,0
262351,0
262497,0
262510,0
262862,0
262888,0
263003,0
263079,0
263193,0
263266,0
263283,0
263342,0
263413,0
263421,0
263542,0
263566,0
263700,0
263856,0
263860,0
263895,0
263931,0
263943,0
264034,0
264075,0
264093,0
264231,0
264319,0
264347,0
264348,0
264583,0
264592,0
264600,0
264614,0
264711,0
264740,0
264820,0
264860,0
264989,0
265055,0
265075,0
265115,0
265210,0
265234,0
265571,0
265667,0
265682,0
265718,0
265764,0
265778,0
265899,0
265916,0
265956,0
265996,0
266003,0
266180,0
266358,0
266417,0
266528,0
266660,0
266664,0
266762,0
266790,0
266807,0
266831,0
266883,0
266936,0
267095,0
267106,0
267113,0
267120,0
267199,0
267414,0
267459,0
267466,0
267563,0
267582,0
267662,0
267720,0
267743,0
267758,0
267826,0
268002,0
268012,0
268132,0
268180,0
268295,0
268302,0
268341,0
268414,0
268472,0
268508,0
268530,0
268588,0
268717,0
268740,0
268898,0
268903,0
268918,0
268965,0
268982,0
269110,0
269114,0
269184,0
269187,0
269233,0
269300,0
269339,0
269347,0
269362,0
269398,0
269455,1
269525,0
269528,0
269544,0
269599,1
269603,0
269654,0
269749,0
269777,0
269778,0
269845,0
269868,0
269881,0
270012,0
270055,0
270060,0
270103,0
270229,0
270302,0
270385,0
270455,0
270478,0
270678,0
270691,0
270741,0
270797,0
270939,0
271037,0
271118,0
271138,0
271220,0
271272,0
271386,0
271612,0
271642,0
271660,0
271784,0
272201,0
272245,0
272259,0
272282,0
272320,0
272433,0
272726,0
272835,0
272862,0
272875,0
272929,0
273113,0
273241,0
273363,0
273398,0
273446,0
273462,0
273515,0
273530,0
273665,0
273670,0
273767,0
273781,0
273786,0
273794,0
273798,0
273848,0
273854,0
273868,0
273942,0
273979,0
274064,0
274148,0
274186,0
274281,0
274399,0
274505,0
274591,0
274621,0
274674,0
274685,0
274711,0
274798,0
274823,0
274926,0
274962,0
275027,0
275050,0
275081,0
275137,0
275208,0
275245,0
275273,0
275300,0
275396,0
275439,0
275552,0
275725,0
275750,0
275756,0
275826,0
275855,0
275858,0
275891,0
275892,0
275915,0
275979,0
276069,0
276112,0
276120,0
276301,0
276327,0
276502,0
276532,0
276612,0
276662,0
276678,0
276757,0
276918,0
276932,0
277148,0
277228,0
277281,0
277332,0
277431,0
277457,0
277469,0
277497,0
277598,0
277728,0
277789,0
277798,0
277963,0
278088,0
278174,0
278239,0
278308,0
278324,0
278330,0
278405,0
278419,0
278444,0
278449,0
278463,0
278599,0
278671,0
278701,0
278982,0
279101,0
279135,0
279146,0
279162,0
279217,0
279262,0
279296,0
279311,0
279332,0
279540,0
279720,0
279738,0
279795,0
279816,0
279851,0
279894,0
279950,0
279957,0
280116,0
280117,0
280335,0
280362,0
280437,0
280522,0
280538,0
280551,0
280723,0
280763,0
280799,0
280974,0
281065,0
281143,0
281150,0
281175,0
281204,0
281290,0
281445,0
281705,0
281724,0
281745,0
281875,0
281920,0
281994,0
282035,0
282139,0
282146,0
282323,0
282363,0
282420,0
282635,0
282667,0
282807,0
282891,0
282905,0
282965,0
282992,0
283119,0
283176,0
283180,0
283222,0
283319,0
283420,0
283732,0
283863,0
283987,0
284112,0
284117,0
284118,0
284132,0
284194,0
284204,0
284295,0
284302,0
284315,0
284321,0
284353,0
284443,0
284455,0
284500,0
284506,0
284525,0
284577,0
284614,0
284615,0
284645,0
284707,0
284722,0
284743,0
284879,0
284953,0
284962,0
285114,0
285163,0
285272,0
285307,0
285421,0
285579,0
285854,0
285968,0
286036,0
286192,0
286212,0
286327,0
286460,0
286582,0
286653,0
286755,0
286884,0
286891,0
286896,0
286898,0
286917,0
287037,0
287103,0
287156,0
287200,0
287227,0
287302,0
287473,0
287551,0
287590,0
287686,0
287694,0
287746,0
287936,0
287943,0
287947,0
287948,0
287971,0
288364,0
288367,0
288467,0
288482,0
288587,0
288693,0
288856,0
289047,0
289098,0
289187,0
289231,0
289240,0
289254,0
289275,0
289317,0
289319,0
289428,0
289481,0
289551,0
289554,0
289566,0
289592,0
289672,0
289687,0
289771,0
289797,0
289826,0
289897,0
289960,0
289964,0
290042,0
290225,0
290247,0
290262,0
290267,0
290371,0
290420,0
290441,0
290455,0
290518,0
290638,0
290665,0
290698,0
291114,0
291161,0
291228,0
291511,0
291622,0
291630,0
291830,0
291980,0
292116,0
292171,0
292206,0
292244,0
292268,0
292429,0
292512,0
292713,0
292721,0
292822,0
292846,0
292927,0
292950,0
293072,0
293225,0
293249,0
293253,0
293406,0
293466,0
293469,0
293581,0
293586,0
293635,0
293641,0
293673,0
293703,0
293721,0
293727,0
293776,0
293795,0
293872,0
293951,0
294118,0
294124,0
294126,0
294347,0
294421,0
294558,0
294571,0
294578,0
294604,0
294629,0
294633,0
294640,0
294718,0
294906,0
294956,0
295004,0
295015,0
295069,0
295112,0
295157,0
295303,0
295308,0
295391,0
295400,0
295465,0
295512,0
295627,0
295656,0
295668,0
295733,0
295778,0
295789,0
295963,0
296092,0
296195,0
296223,0
296274,0
296309,0
296527,0
296665,0
296723,0
296742,0
296752,0
296825,0
296992,0
297110,0
297111,0
297179,0
297210,0
297235,0
297298,0
297331,0
297575,0
297694,0
297783,0
297797,0
297885,0
297920,0
297964,0
298004,0
298085,0
298169,0
298212,0
298222,0
298323,0
298378,0
298381,0
298441,0
298872,0
298920,0
298980,0
299056,0
299072,0
299233,0
299247,0
299299,0
299546,0
299555,0
299576,0
299593,0
299611,0
299711,0
299820,0
299822,0
299917,0
300021,0
300041,0
300113,0
300170,0
300178,0
300260,0
300271,0
300366,0
300373,0
300530,0
300538,0
300574,0
300774,0
300928,0
300997,0
301499,0
301606,0
301710,0
301725,0
301769,0
301780,0
301817,0
301953,0
302020,0
302062,0
302069,0
302097,0
302115,0
302119,0
302329,0
302361,0
302411,0
302413,0
302439,0
302458,0
302526,0
302555,0
302617,0
302723,0
302725,0
302812,0
302964,0
303032,0
303083,0
303114,0
303119,0
303126,0
303228,0
303243,0
303253,0
303398,0
303430,0
303487,0
303541,0
303544,0
303555,0
303592,0
303638,0
303721,0
303776,0
303777,0
303939,0
303993,0
304013,0
304037,0
304053,0
304372,0
304394,0
304447,0
304549,0
304689,0
304716,0
304722,0
304752,0
304916,0
304992,0
305004,0
305016,0
305018,0
305124,0
305172,0
305184,0
305228,0
305255,0
305286,0
305362,0
305390,0
305443,0
305563,0
305622,0
305631,0
305660,0
305826,0
305866,0
305898,0
305967,0
306108,0
306329,0
306367,0
306489,0
306570,0
306594,0
306712,0
306751,0
307179,0
307187,0
307348,0
307350,0
307365,0
307381,0
307502,0
307506,0
307577,0
307605,0
307630,0
307745,0
307776,0
307788,0
307959,0
307968,0
307994,0
308008,0
308142,0
308185,0
308333,0
308351,0
308521,0
308569,0
308588,0
308604,0
308961,0
309019,0
309093,0
309100,0
309170,0
309346,0
309415,0
309437,0
309503,0
309707,0
309750,0
309774,0
309800,0
309970,0
309977,0
309984,0
310071,0
310254,0
310264,0
310336,0
310341,0
310369,0
310483,0
310488,0
310615,0
310733,0
310836,0
310977,0
311037,0
311096,0
311133,0
311220,0
311262,0
311290,0
311388,0
311481,0
311518,0
311568,0
311634,0
311822,0
311863,0
311920,0
311956,0
312329,0
312486,0
312711,0
312734,0
312783,0
313168,0
313191,0
313218,0
313330,0
313444,0
313556,0
313630,0
313669,0
313720,0
313773,0
313869,0
313901,0
313917,0
313980,0
313982,0
314005,0
314226,0
314267,0
314272,0
314403,0
314467,0
314517,0
314550,0
314671,0
314695,0
314711,0
314746,0
314809,0
314866,0
314868,0
314987,0
314999,0
315041,0
315044,0
315083,0
315135,0
315153,0
315157,0
315192,0
315202,0
315249,0
315274,0
315436,0
315479,0
315545,0
315548,0
315697,0
315701,0
315731,0
315882,0
315911,0
315925,0
315940,0
316091,0
316093,0
316125,0
316303,0
316346,0
316350,0
316472,0
316497,0
316531,0
316633,1
316659,0
316852,0
316915,0
316917,0
317051,0
317073,0
317138,0
317184,0
317190,0
317424,1
317456,0
317481,0
317661,0
317701,0
317710,0
317719,0
317743,0
317752,0
317828,0
317834,0
318012,0
318036,0
318098,0
318164,0
318297,0
318513,0
318572,0
318601,0
318632,0
318787,0
318804,0
318897,0
318990,0
319001,0
319154,0
319362,0
319374,0
319379,0
319403,0
319418,0
319430,0
319449,0
319485,0
319496,0
319559,0
319601,0
319625,0
319664,0
319969,0
319973,0
320043,0
320072,0
320100,0
320125,0
320419,0
320482,0
320519,0
320585,0
320588,0
320699,0
320819,0
320847,0
320870,0
320947,0
320948,0
320955,0
321069,0
321081,0
321101,0
321146,0
321190,0
321290,0
321324,0
321341,0
321363,0
321374,0
321407,0
321430,0
321450,0
321482,0
321489,0
321496,0
321503,0
321514,0
321544,0
321548,0
321573,0
321765,0
321830,0
321877,0
321893,0
321914,0
321975,0
322000,0
322018,0
322127,0
322226,0
322241,0
322266,0
322458,0
322585,0
322652,0
322714,0
322722,0
322731,0
322739,0
322793,0
322828,0
322843,0
322865,0
322897,0
322994,0
323027,0
323031,0
323044,0
323101,0
323116,0
323123,0
323127,0
323128,0
323144,0
323146,0
323175,0
323189,0
323218,0
323220,0
323274,0
323360,0
323435,0
323452,0
323458,0
323501,0
323512,0
323629,0
323642,0
323659,0
323678,0
323698,0
323703,0
323711,0
323824,0
323973,0
324077,0
324078,0
324084,0
324129,0
324142,0
324143,0
324153,0
324168,0
324188,0
324198,0
324229,0
324232,0
324238,0
324247,0
324296,0
324337,0
324378,0
324458,0
324488,0
324550,0
324573,0
324612,1
324786,0
324802,0
324852,0
324864,0
324911,0
324927,0
324932,0
324949,0
324986,0
325093,0
325119,0
325148,0
325180,0
325188,0
325199,0
325234,0
325267,0
325289,0
325545,0
325600,0
325671,0
325674,0
325700,0
325718,0
325722,0
325766,0
325854,0
325872,0
325906,0
325951,0
326002,0
326006,0
326039,0
326068,0
326086,0
326280,0
326398,0
326442,0
326463,1
326481,0
326561,0
326614,0
326648,0
326665,0
326701,0
326735,0
326769,0
326773,0
326817,0
326851,0
326882,0
326893,0
326899,0
326917,0
326947,0
326995,0
327020,0
327032,0
327045,0
327060,0
327116,0
327122,0
327143,0
327156,0
327213,0
327251,0
327281,0
327282,0
327316,0
327351,0
327591,0
327766,0
327840,0
327849,0
327851,0
328001,0
328011,0
328025,0
328087,0
328124,0
328151,0
328153,0
328159,0
328173,0
328208,0
328243,0
328287,0
328318,0
328361,0
328377,0
328422,0
328547,0
328656,0
328659,0
328683,0
328757,0
328764,0
328889,0
328895,0
328923,0
328948,0
329070,0
329090,0
329232,0
329239,0
329286,0
329307,0
329339,0
329469,0
329525,0
329571,0
329657,0
329659,0
329664,0
329710,0
329840,0
329869,0
329873,0
329940,0
330031,0
330048,0
330168,0
330193,0
330194,0
330200,0
330210,0
330283,0
330288,0
330334,0
330336,0
330342,0
330366,0
330429,0
330430,0
330483,0
330572,0
330638,0
330663,0
330837,0
330887,0
330905,0
330953,0
330964,0
330978,0
330987,0
331104,0
331241,0
331283,1
331373,0
331394,0
331414,0
331451,0
331467,0
331482,0
331547,0
331688,0
331714,0
331825,0
331883,0
331907,0
331916,0
331954,0
332034,0
332144,0
332155,0
332162,0
332168,0
332183,0
332253,0
332255,0
332399,0
332451,0
332475,0
332492,0
332564,0
332597,0
332613,0
332623,0
332643,0
332655,0
332666,0
332694,0
332708,0
332811,0
332920,0
333014,0
333052,0
333124,0
333262,0
333297,0
333364,0
333432,0
333476,0
333523,0
333645,0
333675,0
333751,0
333779,0
333819,0
333826,0
333846,0
333916,0
333996,0
334016,0
334052,0
334057,0
334098,0
334155,0
334170,0
334191,0
334215,0
334229,0
334238,0
334325,0
334330,0
334665,0
334676,0
334877,0
334901,0
334915,0
334932,0
334963,0
334986,0
335004,0
335006,0
335017,0
335021,0
335034,0
335064,0
335113,0
335130,0
335134,0
335224,0
335245,0
335247,0
335291,0
335337,0
335362,0
335384,0
335397,0
335424,0
335428,0
335459,0
335465,0
335521,0
335558,0
335574,0
335606,0
335664,0
335665,0
335723,0
335757,0
335786,0
335792,0
335798,0
335906,0
335915,0
335929,0
335971,0
336028,0
336084,0
336096,0
336192,0
336231,0
336305,0
336312,0
336320,0
336382,0
336384,1
336488,0
336564,0
336632,0
336642,0
336698,0
336722,0
336733,0
336743,0
336756,0
336792,0
336808,0
336809,0
336847,0
336857,0
336876,0
336998,0
337111,0
337179,0
337197,0
337200,0
337229,0
337231,0
337250,0
337268,0
337269,0
337402,0
337531,0
337557,0
337562,0
337604,0
337649,0
337681,0
337682,0
337697,0
337830,0
337988,0
338021,0
338076,0
338183,0
338211,0
338240,0
338243,0
338352,0
338397,0
338462,0
338546,0
338612,0
338616,0
338638,0
338644,0
338646,0
338664,0
338776,0
338813,0
338831,0
338865,0
338941,0
338984,0
339195,0
339225,0
339318,0
339351,0
339386,0
339455,0
339557,0
339591,0
339624,0
339698,0
339748,0
339749,0
339911,0
339925,0
339926,0
339931,0
340034,0
340043,0
340082,0
340100,0
340105,0
340161,0
340173,0
340265,0
340308,0
340326,0
340363,0
340436,0
340474,0
340491,0
340500,0
340677,0
340685,0
340772,0
340839,0
340852,0
340867,0
340897,0
340902,1
341072,0
341084,0
341179,0
341203,0
341238,0
341271,0
341272,0
341282,0
341326,0
341332,0
341399,0
341404,0
341409,0
341416,0
341425,0
341446,0
341504,0
341581,0
341600,0
341619,0
341672,0
341701,0
341819,0
341853,0
341946,0
341956,0
342007,0
342034,0
342212,0
342297,0
342460,0
342578,0
342618,0
342718,0
342792,0
342812,0
342965,0
343059,0
343084,0
343142,0
343145,0
343159,0
343252,0
343275,0
343343,0
343347,1
343358,0
343381,0
343382,0
343409,0
343438,0
343504,0
343522,0
343559,0
343617,0
343619,0
343627,0
343776,0
343782,0
343828,0
343853,0
343934,0
344079,0
344082,0
344166,0
344277,0
344397,0
344403,0
344410,0
344482,0
344542,0
344582,0
344613,0
344639,0
344665,0
344691,0
344708,0
344752,0
344832,0
344972,0
345000,0
345009,0
345034,0
345074,0
345120,0
345139,0
345158,0
345181,0
345186,0
345212,0
345213,0
345214,0
345246,0
345320,0
345348,0
345367,0
345558,0
345574,0
345667,0
345697,0
345701,0
345721,0
345724,0
345725,0
345748,0
345776,0
345816,0
345858,0
345906,0
345908,0
345910,0
345929,1
345964,0
345984,0
346003,0
346019,0
346024,1
346052,0
346133,0
346143,0
346177,0
346208,0
346210,0
346224,0
346245,0
346257,0
346373,0
346407,0
346435,0
346482,0
346487,0
346492,0
346535,0
346567,0
346569,0
346590,0
346607,0
346664,1
346719,0
346737,0
346765,0
346921,0
347058,0
347059,0
347174,0
347237,0
347254,0
347265,0
347346,0
347362,0
347363,0
347398,0
347461,0
347563,0
347632,0
347646,0
347662,0
347674,0
347713,0
347736,0
347809,0
347840,0
347903,0
347910,0
347929,0
347954,0
347980,0
348047,0
348065,0
348108,0
348117,0
348129,0
348147,0
348153,0
348189,0
348241,0
348367,0
348395,0
348423,0
348425,0
348486,0
348536,0
348538,0
348578,0
348588,0
348644,0
348728,0
348767,0
348843,0
348945,0
348946,0
349002,0
349179,0
349232,0
349271,0
349358,0
349380,0
349410,0
349417,1
349530,0
349543,0
349561,0
349578,0
349580,0
349672,0
349673,0
349680,1
349731,0
349861,0
349942,0
349965,0
349985,0
350018,0
350122,0
350131,0
350141,0
350172,0
350185,0
350234,0
350255,0
350274,0
350302,0
350400,0
350410,0
350411,0
350458,0
350461,0
350462,0
350477,0
350531,0
350535,0
350581,0
350662,0
350683,0
350709,0
350785,0
350834,1
350899,1
350942,0
350981,0
350996,0
351019,0
351025,0
351042,0
351061,0
351063,0
351086,0
351109,0
351138,0
351166,0
351189,0
351210,0
351256,0
351420,0
351430,0
351469,0
351477,0
351479,0
351482,0
351498,0
351521,0
351551,0
351556,0
351557,0
351596,0
351615,0
351705,0
351729,0
351810,0
351923,0
351928,0
351950,0
352028,0
352055,0
352083,0
352099,0
352130,0
352202,0
352205,0
352209,0
352254,0
352305,0
352445,0
352503,0
352512,0
352627,0
352699,0
352732,0
352738,0
352751,0
352759,0
352949,0
352954,0
352957,0
352962,0
353052,0
353115,0
353124,0
353132,0
353134,0
353139,0
353156,0
353213,0
353245,0
353290,0
353372,0
353376,0
353394,0
353396,0
353470,0
353564,0
353566,0
353679,0
353714,0
353751,0
353752,0
353758,0
353760,0
353809,0
353812,0
353829,0
353856,0
353859,0
353860,0
353869,0
353883,0
353885,0
353922,0
353949,0
353973,0
354023,0
354043,0
354086,0
354088,0
354239,0
354293,0
354303,0
354487,0
354507,0
354567,0
354706,0
354712,0
354759,1
354777,0
354783,0
354784,0
354801,0
354804,0
354806,0
354954,0
355043,0
355126,0
355129,0
355246,0
355262,0
355326,0
355335,0
355369,0
355394,0
355417,0
355448,0
355476,0
355479,0
355537,0
355588,0
355598,0
355607,0
355613,0
355678,0
355688,0
355697,0
355704,0
355783,0
355785,0
355788,0
355810,0
355818,0
355865,0
355895,0
355942,0
356028,1
356042,0
356045,0
356058,0
356080,0
356105,0
356120,0
356167,0
356271,0
356385,0
356489,0
356568,0
356615,0
356625,0
356633,0
356653,0
356666,0
356778,0
356796,0
356800,0
356858,0
356871,0
356954,0
356976,0
356998,0
357030,0
357035,0
357058,0
357171,0
357262,0
357289,0
357330,0
357333,0
357404,0
357411,0
357424,0
357437,0
357458,0
357471,0
357491,0
357495,0
357496,0
357554,0
357581,0
357588,0
357594,0
357597,0
357715,0
357739,0
357773,0
357826,0
357856,0
357884,0
357914,0
357917,0
358094,0
358104,0
358135,0
358145,0
358168,0
358181,0
358206,0
358251,0
358279,0
358294,0
358304,0
358326,0
358371,0
358382,0
358419,0
358426,0
358442,0
358449,0
358539,0
358563,0
358572,0
358635,0
358720,0
358748,0
358838,0
358868,0
358917,0
358970,0
359039,0
359055,0
359127,0
359137,0
359164,0
359180,0
359218,0
359238,0
359251,0
359253,0
359317,0
359322,0
359323,0
359363,0
359394,0
359547,0
359565,0
359596,0
359683,0
359691,0
359711,0
359807,0
359812,0
359820,0
359821,0
359851,0
359858,0
359911,0
359944,0
360013,0
360019,0
360041,0
360056,0
360135,0
360137,0
360155,0
360273,0
360376,0
360451,0
360458,0
360551,0
360614,0
360638,0
360640,0
360680,0
360713,1
360727,0
360728,0
360771,0
360787,0
360803,0
360804,0
360806,0
360810,0
360862,0
360905,0
360937,0
360952,0
361024,0
361054,0
361140,0
361274,0
361314,0
361419,0
361429,0
361430,0
361465,0
361490,0
361646,0
361677,0
361714,0
361774,0
361778,0
361813,0
361840,0
361900,0
361947,0
361983,0
362037,0
362039,0
362068,0
362081,0
362117,0
362148,0
362191,0
362221,0
362224,0
362237,0
362281,0
362355,0
362443,0
362463,0
362508,0
362637,0
362708,0
362737,0
362771,0
362932,0
362939,0
363046,0
363131,0
363179,0
363184,0
363195,0
363210,0
363213,0
363243,0
363283,0
363336,0
363348,0
363367,0
363370,0
363380,0
363449,0
363476,0
363532,0
363598,0
363655,0
363656,0
363757,0
363766,0
363796,0
363810,0
363867,0
363931,0
363976,0
364121,0
364181,0
364228,0
364241,0
364245,0
364255,0
364310,0
364347,0
364398,0
364402,0
364413,0
364438,0
364457,0
364488,0
364521,0
364665,0
364674,0
364716,0
364744,0
364748,0
364768,0
364777,0
364797,0
364811,0
364838,0
364858,0
364935,0
364966,0
364981,0
364994,0
365074,0
365174,0
365190,0
365286,0
365348,0
365399,0
365413,0
365486,0
365526,0
365579,0
365596,0
365658,0
365714,0
365728,0
365781,0
365827,0
365906,0
366057,0
366069,0
366108,0
366118,0
366147,0
366157,0
366179,0
366213,0
366312,0
366318,0
366362,0
366368,0
366373,0
366395,0
366447,0
366460,0
366466,0
366476,0
366498,0
366535,0
366563,0
366607,0
366724,0
366728,0
366742,0
366744,0
366795,0
366805,0
366815,0
366818,0
366851,0
366894,0
366895,0
366942,0
366960,0
366979,0
367029,0
367051,0
367071,0
367151,1
367245,0
367247,0
367257,0
367306,0
367329,0
367357,0
367381,0
367432,0
367437,0
367438,0
367439,1
367599,0
367605,0
367641,0
367708,0
367723,0
367744,0
367756,0
367760,0
367792,0
367798,0
367901,0
367943,0
367966,0
367974,0
368012,0
368030,0
368056,0
368069,0
368080,0
368146,0
368149,0
368180,0
368184,0
368188,0
368195,0
368233,0
368247,0
368250,0
368254,0
368261,0
368276,0
368284,0
368365,0
368423,0
368440,0
368507,0
368509,0
368703,0
368733,0
368734,0
368803,0
368819,0
369022,0
369023,0
369054,0
369110,0
369224,0
369266,0
369352,0
369371,0
369419,0
369431,0
369432,0
369459,0
369466,0
369483,0
369488,0
369495,0
369536,0
369547,0
369556,0
369562,0
369567,0
369592,0
369593,0
369635,0
369683,0
369685,0
369764,0
369787,0
369812,0
369841,0
369884,0
369965,0
369980,0
370027,0
370040,1
370050,1
370091,0
370152,0
370171,0
370174,0
370186,0
370220,0
370282,0
370301,0
370302,0
370336,0
370365,0
370368,0
370376,0
370387,1
370390,0
370392,0
370396,0
370407,0
370433,0
370464,0
370471,0
370524,0
370538,0
370548,0
370573,0
370577,0
370611,0
370652,0
370719,0
370740,0
370770,0
370771,0
370775,0
370802,0
370846,0
370850,0
370887,0
370900,0
370923,0
370948,0
371037,0
371058,0
371064,0
371081,0
371088,0
371090,0
371137,0
371148,0
371163,0
371168,0
371261,0
371262,0
371270,0
371291,0
371303,0
371322,0
371326,0
371352,0
371372,0
371373,0
371383,0
371397,1
371406,0
371473,0
371524,0
371540,0
371541,0
371544,0
371568,0
371570,0
371621,0
371633,0
371637,0
371643,0
371648,0
371652,0
371689,0
371696,0
371736,0
371761,0
371764,0
371773,0
371780,0
371794,0
371805,0
371813,0
371814,0
371862,0
371894,0
371961,0
371978,0
372017,0
372065,0
372093,0
372121,0
372125,0
372148,0
372152,0
372170,0
372261,0
372282,0
372333,0
372370,0
372399,0
372425,0
372465,0
372466,0
372507,0
372521,0
372550,0
372607,0
372614,0
372623,0
372636,0
372671,0
372683,0
372803,0
372876,0
372915,0
372930,0
372942,0
372997,0
373017,0
373103,0
373114,0
373117,0
373126,0
373209,0
373269,0
373305,0
373314,0
373391,0
373419,0
373478,0
373481,0
373509,0
373568,0
373584,0
373595,0
373625,0
373661,0
373663,0
373691,0
373705,0
373708,0
373716,0
373720,0
373740,0
373751,0
373767,0
373773,0
373795,0
373852,0
373853,0
373870,0
373879,0
373938,0
373994,0
374049,0
374051,0
374151,0
374153,0
374156,0
374158,0
374224,0
374400,0
374411,0
374449,0
374551,0
374566,0
374571,0
374585,0
374613,0
374693,0
374695,0
374816,0
374848,0
374862,0
374960,0
374963,0
374981,0
374986,0
374998,0
375008,0
375030,0
375054,0
375066,0
375119,0
375130,0
375208,0
375210,0
375247,0
375274,0
375351,0
375471,0
375490,0
375538,0
375546,0
375553,0
375560,0
375571,0
375597,0
375620,0
375623,0
375700,0
375744,0
375837,0
375838,0
375853,0
375868,0
375873,0
375874,0
375908,0
375912,0
375925,0
375959,0
376069,0
376125,0
376239,0
376270,0
376347,0
376353,0
376378,0
376390,0
376394,0
376415,0
376467,0
376502,0
376523,0
376678,0
376693,0
376719,0
376726,0
376743,0
376878,0
376933,0
376934,0
376939,0
376987,0
376991,0
377022,0
377036,0
377086,0
377099,0
377128,0
377146,0
377233,0
377242,0
377276,0
377367,0
377473,0
377484,0
377486,0
377490,0
377528,0
377540,0
377566,0
377588,0
377684,0
377705,0
377707,0
377717,0
377871,0
377949,0
377973,0
377986,0
378024,0
378041,0
378047,0
378062,0
378087,0
378121,0
378203,0
378206,0
378209,0
378246,0
378300,0
378323,0
378371,0
378380,0
378384,0
378387,0
378463,0
378477,0
378484,0
378513,0
378549,0
378557,0
378579,0
378603,0
378640,0
378675,0
378690,0
378707,0
378758,0
378761,0
378774,0
378780,0
378786,0
378789,0
378808,0
378852,0
378872,0
378877,0
378936,0
378982,0
379101,0
379114,0
379126,0
379171,0
379174,0
379189,0
379273,0
379285,0
379298,0
379322,0
379352,0
379374,0
379378,0
379426,0
379436,0
379566,0
379571,0
379597,0
379613,0
379623,0
379663,0
379706,0
379711,0
379713,0
379814,0
379868,0
379929,0
379931,0
379939,0
379969,0
379984,0
380028,0
380033,0
380038,0
380051,0
380078,0
380094,0
380155,0
380161,0
380196,0
380257,0
380281,0
380377,0
380423,0
380428,0
380445,0
380449,0
380464,0
380500,0
380525,0
380531,0
380560,0
380576,0
380582,0
380603,0
380613,0
380620,0
380630,0
380632,0
380634,0
380641,0
380650,0
380694,0
380711,0
380754,0
380762,0
380807,0
380895,0
380906,0
380911,0
380930,0
380933,0
380939,0
380942,0
380987,0
381005,0
381006,0
381058,0
381059,0
381122,0
381132,0
381148,0
381156,0
381169,0
381179,0
381185,0
381222,0
381237,0
381238,0
381240,0
381242,0
381323,0
381328,0
381335,0
381342,0
381358,0
381363,0
381422,0
381455,0
381501,0
381566,0
381576,0
381618,0
381634,0
381673,0
381680,0
381698,0
381699,0
381731,0
381787,0
381818,0
381827,0
381833,0
381855,0
381866,0
381881,0
381886,0
381918,0
381919,0
381921,0
382007,0
382012,0
382033,0
382048,0
382051,0
382061,0
382069,0
382088,0
382102,0
382147,0
382163,0
382188,0
382291,0
382360,0
382370,0
382375,0
382383,0
382389,0
382392,0
382411,0
382443,0
382449,0
382454,0
382515,0
382519,0
382548,0
382553,0
382593,0
382625,0
382713,0
382714,0
382818,0
382834,0
382906,0
382927,0
382944,0
382989,0
382993,0
383009,0
383013,0
383054,0
383112,0
383142,0
383175,0
383198,0
383221,0
383280,0
383285,0
383286,0
383301,0
383310,0
383380,0
383442,0
383445,0
383490,0
383496,0
383500,0
383516,0
383547,0
383598,0
383702,0
383805,0
383842,0
383854,0
383863,0
383896,0
383912,0
383913,0
383935,0
383938,0
383950,0
383951,0
383986,0
383987,0
384082,0
384208,0
384232,0
384271,0
384306,0
384341,0
384388,0
384394,0
384419,0
384425,0
384440,0
384463,0
384485,0
384493,0
384572,0
384748,0
384765,0
384782,0
384819,0
384845,0
384853,0
384910,0
384954,0
384956,0
384963,0
384997,0
385120,0
385136,0
385148,0
385190,0
385210,0
385263,0
385270,0
385283,0
385287,0
385295,0
385348,0
385353,0
385361,0
385367,0
385404,0
385412,0
385428,0
385456,0
385467,0
385508,0
385537,0
385576,0
385588,0
385597,0
385613,0
385649,0
385662,0
385750,0
385771,0
385797,0
385799,0
385845,0
385893,0
385896,0
385900,0
385933,0
385971,0
385989,0
386124,0
386143,0
386146,0
386169,0
386218,0
386279,0
386295,0
386404,0
386425,0
386501,0
386508,0
386537,0
386540,0
386559,0
386574,0
386578,0
386594,0
386714,0
386723,1
386765,0
386787,0
386804,0
386806,0
386808,0
386885,0
386895,0
386902,0
386939,0
386944,0
386945,0
386986,0
387012,0
387057,0
387114,0
387151,0
387175,0
387200,0
387214,0
387295,0
387300,0
387301,0
387320,0
387332,0
387342,0
387364,0
387366,0
387377,0
387420,0
387469,0
387471,0
387498,0
387540,0
387545,0
387569,0
387587,0
387594,0
387597,0
387633,0
387648,0
387653,0
387684,0
387734,0
387742,0
387885,0
387894,0
387910,0
387997,0
388014,0
388169,0
388219,0
388233,0
388286,0
388330,0
388362,0
388370,0
388500,0
388563,0
388605,0
388612,0
388634,0
388636,0
388659,0
388685,0
388690,0
388723,0
388774,0
388799,0
388852,0
388919,0
388923,0
388957,0
388992,0
389016,0
389032,0
389042,0
389070,0
389080,0
389104,0
389111,0
389123,0
389166,0
389177,0
389373,0
389428,0
389440,0
389481,0
389485,0
389544,0
389551,0
389626,0
389675,0
389682,0
389683,0
389715,0
389747,0
389769,0
389775,0
389780,0
389797,0
389798,0
389825,0
389842,0
389881,0
389919,0
389945,0
389955,0
389985,0
389994,0
390026,1
390066,0
390108,0
390195,0
390212,0
390249,0
390276,0
390288,0
390297,0
390349,0
390466,0
390470,0
390474,0
390482,0
390539,0
390582,0
390630,0
390643,0
390644,0
390652,0
390675,0
390687,0
390705,0
390724,0
390727,0
390746,0
390747,0
390761,0
390770,0
390826,0
390831,0
390851,0
390894,0
390913,0
390932,0
390957,0
390972,0
390979,0
391031,0
391112,0
391121,0
391151,0
391173,0
391223,0
391256,0
391317,0
391337,0
391343,0
391383,0
391406,0
391414,0
391417,0
391439,0
391442,0
391483,0
391486,0
391496,0
391503,0
391504,0
391505,0
391508,0
391510,0
391516,0
391521,0
391558,0
391584,0
391598,0
391621,0
391678,0
391690,0
391797,0
391844,0
391905,0
391920,1
391945,0
391955,0
391972,0
392011,0
392029,0
392035,0
392069,0
392146,0
392148,0
392151,0
392160,0
392168,0
392171,0
392202,0
392219,0
392227,0
392248,0
392268,0
392277,0
392285,0
392303,0
392346,0
392360,0
392374,0
392397,0
392403,0
392427,0
392429,0
392432,0
392435,0
392440,0
392453,0
392502,0
392509,0
392529,0
392539,0
392542,0
392556,0
392605,0
392607,0
392690,0
392695,0
392736,0
392844,0
392920,0
392957,0
392981,0
393040,0
393042,0
393071,0
393122,0
393151,0
393165,0
393173,0
393261,0
393264,0
393289,0
393296,0
393304,0
393325,0
393396,0
393405,0
393414,0
393453,0
393469,0
393472,0
393484,0
393540,0
393541,0
393584,0
393586,0
393587,0
393614,0
393623,0
393625,0
393691,0
393735,0
393737,0
393754,0
393773,0
393781,0
393799,0
393802,0
393829,0
393838,0
393859,0
393860,0
393882,0
393905,0
393909,0
393918,0
393939,0
393965,0
393970,0
393985,0
394012,0
394037,0
394039,0
394044,0
394069,0
394093,0
394134,0
394147,0
394155,0
394195,0
394303,0
394304,0
394321,0
394432,0
394440,0
394443,0
394448,0
394590,0
394596,1
394607,0
394621,0
394689,0
394701,0
394703,0
394707,0
394770,0
394815,0
394831,0
394865,0
394933,0
394965,0
394979,0
394989,0
394998,0
395005,0
395020,0
395025,0
395043,0
395051,0
395211,0
395230,0
395258,0
395265,0
395326,0
395339,0
395353,0
395364,0
395390,0
395456,0
395472,0
395481,0
395538,0
395541,0
395590,0
395709,0
395726,0
395744,0
395761,0
395804,0
395816,0
395820,0
395848,0
395878,0
395883,0
395927,0
396016,0
396056,0
396101,0
396111,0
396138,0
396147,0
396161,0
396192,0
396226,0
396228,0
396253,0
396266,0
396283,0
396311,0
396314,0
396340,0
396346,0
396443,0
396477,0
396497,0
396520,0
396553,0
396633,0
396664,0
396691,0
396704,0
396710,0
396722,0
396732,0
396751,0
396796,0
396811,0
396827,0
396841,0
396888,0
396913,0
396916,0
396931,0
396980,0
397016,0
397035,0
397036,0
397076,0
397079,0
397082,0
397097,0
397144,0
397159,0
397211,0
397216,0
397265,0
397274,0
397290,0
397307,0
397327,0
397389,0
397399,0
397417,0
397428,0
397429,0
397443,0
397482,0
397517,0
397530,0
397547,0
397585,0
397612,0
397647,1
397651,0
397682,0
397690,0
397708,0
397729,0
397745,0
397775,0
397803,0
397895,0
397907,0
397935,0
397952,0
398054,0
398061,0
398064,0
398073,0
398100,0
398106,0
398120,0
398136,0
398153,0
398154,0
398158,0
398183,0
398201,0
398217,0
398248,0
398314,0
398332,0
398345,0
398366,0
398433,0
398437,0
398556,0
398585,0
398591,0
398619,0
398661,0
398672,0
398695,0
398721,0
398749,0
398763,0
398770,0
398800,0
398822,0
398852,0
398858,0
398894,0
398896,0
398979,0
399005,0
399006,0
399078,0
399093,0
399120,0
399133,0
399135,0
399166,0
399176,0
399191,0
399253,0
399289,0
399298,0
399332,0
399365,0
399412,0
399421,0
399449,0
399455,0
399456,0
399509,0
399694,0
399747,0
399878,0
399910,0
399955,0
399959,0
399961,0
399992,0
400037,0
400051,0
400073,0
400093,0
400140,0
400150,0
400191,0
400193,0
400198,0
400241,0
400246,0
400268,0
400321,0
400324,0
400349,0
400409,0
400424,0
400436,0
400439,0
400461,0
400505,0
400536,0
400541,0
400547,0
400552,0
400554,0
400622,0
400624,0
400659,0
400677,0
400699,0
400700,1
400704,0
400734,0
400816,0
400819,0
400820,0
400823,0
400840,0
400849,0
400851,0
400887,0
400901,0
400908,0
400917,0
400938,0
400942,0
400984,0
400996,0
401002,0
401034,0
401048,0
401067,0
401090,0
401091,0
401111,0
401175,0
401181,0
401189,0
401232,0
401239,0
401259,0
401286,0
401307,0
401352,0
401356,0
401362,0
401373,0
401386,0
401422,0
401458,0
401474,0
401513,0
401524,0
401527,0
401545,0
401551,0
401572,0
401574,0
401588,0
401614,0
401670,0
401703,0
401711,0
401767,0
401796,0
401854,0
401875,0
401878,0
401915,0
401919,0
401928,0
401954,0
401967,0
402055,0
402082,0
402093,0
402099,0
402103,0
402149,0
402174,0
402179,0
402206,0
402214,0
402237,0
402241,0
402295,0
402309,0
402321,0
402329,0
402341,0
402361,0
402388,0
402436,0
402445,0
402468,0
402490,0
402494,0
402522,0
402526,0
402550,0
402553,0
402574,0
402667,0
402745,0
402883,0
402891,0
402906,0
402921,0
402948,0
402974,0
402999,0
403001,0
403010,0
403016,0
403031,0
403036,0
403071,0
403073,0
403119,0
403150,0
403257,0
403285,0
403307,0
403345,0
403356,0
403366,0
403424,0
403438,0
403466,0
403473,0
403519,0
403535,0
403579,0
403599,0
403650,0
403653,0
403729,0
403737,0
403753,0
403765,0
403792,0
403885,0
403898,0
403902,0
403914,0
404017,0
404106,0
404120,0
404141,0
404188,0
404194,0
404239,0
404243,0
404340,0
404345,0
404405,0
404438,0
404440,0
404441,0
404468,0
404538,0
404551,0
404598,0
404631,0
404642,0
404662,0
404706,0
404721,0
404733,0
404800,0
404882,0
404890,0
404925,0
404939,0
404966,0
404967,0
404968,0
404969,0
404980,0
405031,0
405113,0
405202,0
405221,0
405225,0
405258,0
405266,0
405331,0
405338,0
405339,0
405372,0
405399,0
405425,0
405427,0
405433,0
405438,0
405489,0
405491,0
405507,0
405511,0
405519,0
405565,0
405615,0
405676,0
405754,0
405789,0
405812,0
405831,0
405895,0
405909,0
405915,0
405939,0
405969,0
406013,0
406036,0
406072,0
406105,0
406111,0
406172,0
406200,0
406204,0
406218,0
406223,0
406234,0
406244,0
406276,0
406284,0
406310,0
406317,0
406322,0
406327,0
406344,0
406357,0
406364,0
406388,0
406401,0
406490,0
406500,0
406502,0
406515,0
406528,1
406552,0
406555,0
406613,0
406636,0
406640,0
406688,0
406700,0
406738,0
406743,0
406756,0
406760,0
406764,0
406811,0
406816,0
406827,0
406835,0
406851,0
406852,0
406858,0
406873,0
406902,0
406946,0
406959,0
407024,0
407087,0
407126,0
407164,0
407168,0
407224,0
407265,0
407299,0
407317,0
407338,1
407363,0
407365,0
407386,0
407511,0
407518,0
407584,0
407609,0
407629,0
407653,0
407782,0
407790,0
407820,0
407857,0
407885,0
407916,0
407943,0
407989,0
407998,0
408004,0
408034,0
408038,0
408054,0
408064,0
408066,0
408091,0
408102,0
408144,0
408161,0
408171,0
408182,0
408201,0
408214,0
408229,0
408258,0
408271,0
408321,0
408328,0
408341,0
408363,0
408364,0
408383,0
408391,0
408467,0
408492,0
408493,0
408501,0
408566,0
408567,0
408568,0
408572,0
408582,0
408626,0
408637,0
408640,0
408645,0
408649,0
408662,0
408710,0
408748,0
408760,0
408775,0
408810,0
408821,0
408832,0
408834,0
408859,0
408951,0
408954,0
408966,0
408974,0
408978,0
408984,0
409005,0
409035,0
409037,0
409044,0
409081,0
409090,0
409094,0
409138,0
409142,0
409151,0
409156,0
409167,0
409170,0
409180,0
409190,0
409201,0
409222,0
409247,0
409266,0
409267,0
409294,0
409334,0
409347,0
409398,0
409425,0
409453,0
409484,0
409556,0
409611,0
409631,0
409632,0
409665,0
409695,0
409742,0
409759,0
409801,0
409825,0
409851,0
409881,0
409941,0
409975,0
410008,0
410010,0
410067,0
410080,0
410097,0
410128,0
410148,0
410170,0
410198,0
410270,0
410273,0
410290,0
410305,0
410346,0
410423,0
410429,0
410435,0
410466,0
410480,0
410489,0
410511,0
410546,0
410582,0
410585,0
410586,0
410592,0
410607,0
410626,0
410638,0
410644,0
410697,0
410778,0
410788,0
410792,0
410824,0
410833,0
410876,0
410902,0
410918,0
410974,1
410987,0
411006,0
411015,0
411023,0
411052,0
411057,0
411065,0
411119,0
411166,0
411183,0
411213,0
411218,0
411255,0
411264,0
411308,0
411358,0
411368,0
411369,0
411373,0
411386,0
411463,0
411467,0
411484,0
411501,0
411508,0
411522,0
411558,0
411670,0
411671,0
411720,0
411752,0
411765,0
411774,0
411867,0
411924,0
411932,0
411941,0
411942,0
411954,0
412085,0
412140,0
412161,0
412174,0
412188,0
412284,0
412319,0
412337,0
412354,0
412371,0
412384,0
412391,0
412438,0
412455,0
412472,0
412540,0
412548,0
412601,0
412647,0
412693,0
412697,0
412723,0
412745,0
412801,0
412814,0
412844,0
412852,0
412869,0
412925,0
412958,0
412980,0
413035,0
413038,0
413098,0
413159,0
413177,0
413209,0
413226,0
413245,0
413282,0
413304,0
413395,0
413432,0
413435,0
413522,0
413549,0
413584,0
413586,0
413588,0
413594,0
413596,0
413598,0
413604,0
413630,0
413638,0
413742,0
413782,0
413800,0
413830,0
413850,0
413853,0
413858,0
413873,0
413925,0
413926,0
413960,0
413969,0
413970,0
413975,0
413982,0
414001,0
414018,0
414060,0
414113,0
414161,0
414241,0
414328,0
414334,0
414356,0
414428,0
414466,0
414557,0
414580,0
414589,0
414596,0
414611,0
414631,0
414632,0
414637,0
414642,0
414691,1
414740,0
414991,0
415029,0
415048,0
415073,0
415092,0
415095,0
415136,0
415157,0
415174,0
415178,0
415195,0
415222,0
415224,0
415227,0
415260,0
415263,0
415276,0
415379,0
415406,0
415427,0
415445,0
415477,0
415524,0
415545,0
415550,0
415560,0
415601,0
415663,0
415717,0
415730,0
415828,0
415905,0
415930,0
415958,0
415991,0
416073,0
416107,0
416124,0
416161,0
416213,0
416246,0
416255,0
416341,0
416361,0
416476,0
416512,0
416528,0
416572,0
416664,0
416679,0
416707,0
416708,0
416729,0
416765,0
416810,0
416819,0
416832,0
416884,0
416918,0
416953,0
416978,0
416986,0
416997,0
417021,0
417026,0
417080,0
417087,0
417089,0
417107,0
417108,0
417123,0
417125,0
417126,0
417145,0
417166,0
417178,0
417185,0
417211,0
417273,0
417323,0
417385,0
417425,0
417431,0
417441,0
417449,0
417541,0
417566,0
417572,0
417573,0
417592,0
417600,0
417603,0
417610,0
417662,0
417664,0
417695,0
417711,0
417815,0
417854,0
417873,0
417874,0
417966,0
417975,0
417982,0
417994,0
418032,0
418035,0
418041,0
418043,0
418045,0
418063,0
418071,0
418073,0
418077,0
418153,0
418270,0
418358,0
418361,0
418387,0
418426,0
418454,0
418558,0
418582,0
418698,0
418735,0
418758,0
418809,0
418843,0
418874,0
418887,0
418904,0
418915,0
418923,0
418934,0
418964,0
418999,0
419003,0
419024,0
419033,0
419082,0
419083,0
419086,0
419098,0
419101,0
419104,0
419119,0
419134,0
419187,0
419193,0
419211,0
419259,0
419280,0
419308,0
419346,0
419413,0
419415,0
419425,1
419442,0
419459,0
419591,0
419594,0
419678,0
419755,0
419785,0
419832,0
419850,0
419853,0
419893,0
419902,0
419910,0
419959,0
419966,0
419982,0
420057,0
420103,0
420122,0
420180,0
420191,0
420231,0
420301,0
420380,0
420407,0
420441,0
420447,0
420485,0
420531,0
420532,0
420584,0
420590,0
420603,0
420605,0
420625,0
420654,0
420657,0
420659,0
420661,0
420667,0
420674,0
420682,0
420686,0
420692,0
420710,0
420761,0
420771,0
420772,0
420774,0
420800,0
420805,0
420806,0
420824,0
420840,0
420847,0
420856,0
420880,0
420919,0
420979,0
421012,0
421046,0
421073,0
421089,0
421123,0
421146,0
421163,0
421168,0
421171,0
421198,0
421241,0
421266,0
421269,0
421294,0
421341,0
421349,0
421359,0
421372,0
421412,0
421420,0
421529,0
421534,0
421569,0
421581,0
421685,0
421716,0
421731,0
421756,0
421801,1
421808,0
421809,0
421817,0
421866,0
421868,0
421877,0
421981,0
421987,0
421993,0
422003,0
422008,1
422027,0
422039,0
422046,0
422077,0
422103,0
422123,0
422159,0
422165,0
422222,0
422249,0
422316,0
422345,0
422351,0
422419,0
422519,0
422538,0
422549,0
422568,0
422586,0
422594,0
422596,0
422630,0
422677,0
422691,0
422737,0
422739,0
422744,0
422756,0
422788,0
422789,0
422793,0
422834,0
422846,0
422852,0
422853,0
422898,0
422903,0
422909,0
422924,0
423025,0
423083,0
423115,0
423183,0
423193,0
423209,0
423252,0
423272,0
423295,0
423334,0
423336,0
423356,0
423371,0
423400,0
423424,0
423428,0
423437,0
423475,0
423507,0
423528,0
423533,0
423539,0
423541,1
423552,0
423557,0
423654,0
423719,0
423757,0
423787,0
423804,0
423894,0
423911,0
423914,0
423941,0
423948,0
423954,0
423963,0
423964,0
423974,0
424063,0
424082,0
424165,0
424172,0
424197,0
424212,0
424241,0
424253,0
424287,0
424292,0
424339,0
424342,0
424348,0
424370,0
424389,0
424390,0
424411,0
424531,0
424533,0
424535,0
424551,0
424555,0
424572,1
424577,1
424591,1
424664,0
424675,0
424702,1
424703,0
424727,0
424768,0
424795,0
424898,0
424906,0
424949,0
424989,0
424997,0
425031,0
425069,0
425076,0
425107,0
425109,0
425121,0
425137,0
425144,0
425149,0
425159,0
425204,0
425215,0
425220,0
425239,0
425272,0
425273,0
425275,0
425286,0
425289,0
425307,0
425312,0
425325,0
425371,0
425377,0
425389,0
425394,0
425395,0
425408,0
425449,0
425470,0
425500,0
425514,0
425549,0
425559,0
425622,0
425667,0
425676,0
425695,0
425750,0
425786,0
425796,0
425832,0
425846,0
425883,0
425917,0
426020,0
426024,0
426026,0
426035,0
426076,0
426103,0
426165,0
426192,0
426227,0
426242,0
426251,0
426266,0
426306,0
426395,0
426406,0
426431,0
426477,0
426514,0
426518,0
426651,0
426685,0
426719,0
426749,0
426892,0
426942,0
426954,0
426961,0
426977,0
427046,0
427066,0
427067,0
427068,0
427082,0
427178,0
427195,0
427201,0
427218,0
427231,0
427295,0
427305,0
427346,0
427403,0
427436,0
427460,0
427471,0
427484,0
427626,0
427643,0
427666,0
427799,0
427805,0
427848,0
427849,0
427876,0
427880,0
427886,0
427920,0
427942,0
427948,0
427953,0
427999,0
428004,0
428021,0
428034,0
428063,0
428075,0
428082,0
428084,0
428132,0
428141,0
428193,0
428206,0
428273,0
428282,0
428284,0
428329,0
428358,0
428391,0
428393,0
428394,0
428398,0
428405,0
428419,0
428425,0
428454,0
428598,0
428680,0
428708,0
428787,0
428788,0
428791,0
428839,0
428901,0
429061,0
429135,0
429179,0
429224,0
429229,0
429237,0
429251,0
429269,0
429285,0
429369,0
429401,0
429422,0
429427,0
429461,0
429462,0
429540,0
429541,0
429592,0
429594,0
429639,0
429640,0
429666,0
429690,0
429705,0
429708,0
429710,0
429722,0
429756,0
429783,0
429802,0
429850,0
429874,0
429997,0
430007,0
430020,0
430023,0
430038,0
430045,0
430114,0
430144,0
430149,0
430238,0
430246,0
430271,0
430275,0
430292,0
430295,0
430316,0
430326,0
430341,0
430371,0
430376,0
430380,0
430387,0
430392,0
430403,0
430407,0
430412,0
430443,0
430488,0
430550,0
430564,0
430595,0
430670,0
430744,0
430766,0
430787,0
430803,0
430822,0
430839,0
430850,0
430964,0
430968,0
430993,0
431000,0
431017,0
431031,0
431038,0
431147,0
431162,0
431167,0
431202,0
431221,0
431228,0
431261,0
431262,0
431275,0
431287,0
431323,0
431324,0
431349,0
431411,0
431417,0
431431,0
431434,0
431460,0
431513,0
431526,0
431527,0
431529,0
431553,0
431577,0
431590,0
431599,0
431647,0
431651,0
431712,0
431723,0
431738,0
431819,0
431847,0
431858,0
431876,0
431903,0
431905,0
431953,0
431980,0
431986,0
432020,0
432044,0
432063,0
432113,0
432115,0
432134,0
432137,0
432152,0
432154,0
432163,0
432175,0
432261,0
432271,0
432280,0
432349,0
432353,0
432358,0
432374,0
432436,0
432498,0
432582,0
432627,0
432671,0
432703,0
432718,0
432721,0
432760,0
432773,0
432796,0
432855,0
432894,0
432912,0
432918,0
432935,0
432997,0
433013,0
433082,0
433086,0
433093,0
433112,0
433166,0
433172,0
433193,0
433194,0
433220,0
433243,0
433284,0
433318,0
433374,0
433379,0
433385,0
433389,0
433411,0
433414,0
433501,0
433516,0
433532,0
433543,0
433547,0
433566,0
433577,0
433579,0
433644,0
433672,0
433694,0
433773,0
433828,0
433855,1
433856,0
433860,0
433863,0
433869,0
433881,0
433981,0
434001,0
434005,0
434077,0
434091,0
434145,0
434147,0
434188,0
434192,0
434195,0
434203,0
434216,0
434281,0
434312,0
434317,0
434373,0
434386,0
434402,0
434427,0
434450,0
434555,0
434571,0
434608,0
434692,0
434718,0
434728,0
434760,0
434761,0
434825,0
434830,0
434850,0
434881,0
434882,0
434893,0
434896,0
434924,0
434962,0
434987,0
434998,0
435007,0
435050,0
435110,0
435167,0
435287,0
435350,0
435420,0
435501,0
435516,0
435525,0
435630,0
435633,0
435636,0
435656,0
435688,0
435693,0
435713,0
435741,0
435752,0
435799,0
435873,0
435884,0
435890,0
435899,0
435936,0
435987,0
436039,0
436092,0
436110,0
436177,0
436207,0
436224,0
436241,0
436254,0
436266,0
436286,0
436303,0
436322,0
436344,0
436378,0
436391,0
436404,0
436411,0
436418,0
436425,0
436430,0
436438,0
436495,0
436500,0
436578,0
436593,0
436596,0
436605,0
436637,0
436663,0
436751,0
436767,0
436776,0
436785,0
436813,0
436826,0
436846,0
436862,0
436906,0
436963,0
436977,0
437004,0
437025,0
437029,0
437048,0
437052,0
437053,0
437090,0
437094,0
437108,0
437133,0
437135,0
437207,0
437219,0
437272,0
437298,0
437377,0
437382,0
437391,0
437395,0
437404,0
437427,0
437451,0
437477,0
437519,0
437522,0
437541,0
437623,0
437661,0
437668,0
437731,0
437826,0
437863,0
437887,0
437978,0
438010,0
438140,0
438158,0
438172,0
438180,0
438216,0
438310,0
438348,0
438368,0
438382,0
438462,0
438500,0
438521,0
438523,0
438567,0
438569,0
438599,0
438625,0
438701,0
438703,0
438733,0
438738,0
438761,0
438763,0
438765,0
438772,0
438776,0
438831,0
438834,0
438851,0
438852,0
438907,0
438968,0
438978,0
439009,0
439010,0
439035,0
439037,0
439041,0
439164,0
439221,0
439247,0
439263,0
439266,0
439279,0
439283,0
439285,0
439326,0
439431,0
439461,0
439491,0
439501,0
439532,0
439554,0
439669,0
439733,0
439793,0
439925,0
440014,0
440019,0
440023,0
440034,0
440089,0
440102,0
440121,0
440210,0
440216,0
440222,0
440260,0
440293,0
440302,0
440310,0
440331,0
440333,0
440339,0
440354,0
440394,0
440425,0
440435,0
440483,0
440515,0
440536,0
440543,0
440625,0
440637,0
440638,0
440646,0
440693,0
440707,0
440721,0
440798,0
440805,0
440870,0
440877,0
440932,0
440958,0
440961,0
441040,0
441056,0
441071,0
441102,0
441111,0
441144,0
441195,0
441204,0
441209,0
441220,0
441282,0
441285,0
441339,0
441405,0
441462,0
441481,0
441513,0
441598,0
441601,0
441620,0
441666,1
441672,0
441715,0
441830,0
441932,0
441977,0
442004,0
442005,0
442006,0
442007,0
442042,0
442088,0
442093,0
442094,0
442122,0
442123,0
442284,0
442294,0
442296,0
442300,0
442306,0
442311,0
442314,0
442326,0
442336,0
442354,0
442370,0
442371,0
442378,0
442418,0
442448,0
442457,0
442464,0
442486,0
442574,0
442592,0
442615,0
442620,0
442638,0
442643,0
442658,0
442680,0
442767,0
442772,0
442774,0
442794,0
442795,0
442889,0
442903,0
442909,0
442923,0
442933,0
442970,0
442987,0
443001,0
443019,0
443094,0
443170,0
443188,0
443215,0
443222,0
443308,0
443327,0
443373,0
443380,0
443399,0
443427,0
443439,0
443467,0
443477,0
443495,0
443509,0
443510,0
443532,0
443560,0
443568,0
443592,0
443625,0
443659,0
443661,0
443662,0
443670,0
443671,0
443700,0
443718,0
443780,0
443843,0
443856,0
443890,0
443903,0
443933,0
443939,0
444006,0
444061,0
444074,0
444077,0
444083,0
444168,0
444189,0
444211,0
444241,0
444251,0
444261,0
444306,0
444324,0
444332,0
444395,0
444399,0
444439,0
444519,0
444546,0
444561,0
444567,0
444568,0
444585,0
444613,0
444735,0
444737,0
444772,0
444809,0
444830,0
444841,0
444865,0
444886,0
444901,0
444938,0
444956,0
445001,0
445047,0
445048,0
445069,0
445076,0
445088,0
445096,1
445125,0
445167,0
445173,0
445174,0
445182,0
445189,0
445194,0
445206,0
445219,0
445243,0
445282,0
445302,0
445319,0
445337,0
445413,0
445418,0
445457,0
445520,0
445542,0
445547,0
445572,0
445593,0
445624,0
445625,0
445698,0
445713,0
445759,0
445839,0
445926,0
445973,0
445990,0
446060,0
446072,0
446113,0
446165,0
446167,0
446168,0
446185,0
446188,0
446208,0
446258,0
446296,0
446309,0
446340,0
446350,0
446369,0
446379,0
446387,0
446494,0
446496,0
446503,0
446514,0
446524,0
446634,0
446647,0
446667,0
446670,0
446705,0
446709,0
446712,0
446770,0
446778,0
446793,0
446798,0
446934,0
446965,0
446969,0
446970,0
447092,0
447111,0
447217,0
447247,0
447285,0
447418,0
447483,0
447487,0
447493,0
447494,0
447553,0
447575,0
447578,0
447608,0
447638,0
447701,0
447743,0
447792,0
447806,0
447831,0
447836,0
447837,0
447849,0
447852,0
447869,0
447874,0
447883,0
447907,0
447961,0
447962,0
448006,0
448015,0
448101,0
448124,0
448164,0
448201,0
448203,0
448210,0
448408,0
448467,0
448486,0
448524,0
448536,1
448540,0
448618,0
448646,0
448692,0
448708,0
448768,0
448775,0
448796,0
448841,0
448901,0
448911,0
449008,0
449012,0
449016,0
449022,0
449036,0
449089,0
449115,0
449129,0
449135,0
449170,0
449173,0
449194,0
449201,0
449218,0
449227,0
449242,0
449260,0
449318,0
449388,0
449412,0
449413,0
449421,0
449450,0
449456,0
449462,0
449480,0
449485,0
449516,0
449540,0
449613,0
449628,0
449630,0
449638,0
449648,0
449656,0
449672,0
449692,0
449714,0
449874,0
449932,0
449940,0
449973,0
450033,0
450061,0
450100,0
450229,0
450234,0
450236,0
450243,0
450283,0
450292,0
450299,0
450346,0
450378,0
450399,0
450430,0
450468,0
450513,0
450525,0
450560,0
450602,0
450629,0
450631,0
450634,0
450736,0
450766,0
450819,0
450843,0
450855,0
450860,0
450871,0
450907,0
450937,0
450965,0
451018,0
451040,0
451068,0
451083,0
451113,0
451123,0
451130,0
451152,0
451233,0
451235,0
451251,0
451264,0
451287,0
451289,0
451299,0
451304,0
451338,0
451345,0
451349,0
451442,0
451466,0
451471,0
451555,0
451635,0
451645,0
451669,0
451700,0
451791,0
451825,0
451826,0
451828,0
451841,0
451882,0
451883,0
451921,0
451931,0
451982,0
452025,0
452031,0
452058,0
452071,0
452159,0
452213,0
452253,0
452292,0
452312,0
452347,0
452361,0
452391,0
452398,0
452418,0
452423,0
452494,0
452522,0
452541,0
452547,0
452561,0
452567,0
452612,0
452654,0
452697,0
452709,0
452731,0
452735,0
452744,0
452754,0
452759,0
452766,0
452805,0
452851,0
452939,0
452944,0
452948,0
452954,0
452976,0
452982,0
452994,0
452995,0
453020,0
453049,0
453068,0
453089,0
453094,0
453101,0
453141,0
453155,0
453181,0
453202,0
453250,0
453259,0
453262,0
453282,0
453329,0
453334,0
453363,0
453392,0
453404,0
453405,0
453414,0
453418,0
453436,0
453438,0
453444,0
453446,0
453447,0
453471,0
453513,0
453532,0
453537,0
453564,0
453583,1
453585,1
453590,1
453591,1
453593,1
453597,0
453607,0
453611,0
453663,0
453725,0
453764,0
453777,0
453819,0
453841,0
453972,0
454012,0
454016,0
454018,0
454108,0
454114,0
454118,0
454119,0
454207,0
454225,0
454237,0
454302,0
454323,0
454373,0
454391,0
454448,0
454495,0
454501,0
454507,0
454553,0
454556,0
454578,0
454603,0
454624,0
454626,0
454631,0
454657,0
454670,0
454734,0
454745,0
454750,0
454784,0
454791,0
454862,0
454865,0
454884,0
454889,0
454928,0
454935,0
454957,0
454960,0
454983,0
454992,0
455022,0
455066,0
455104,0
455105,0
455125,0
455156,0
455260,0
455325,0
455332,0
455368,0
455385,0
455419,0
455422,0
455501,0
455519,0
455568,0
455577,0
455607,0
455624,0
455676,0
455688,0
455696,0
455747,0
455779,0
455799,0
455806,0
455817,0
455872,0
455879,0
455883,0
455892,0
455921,0
455987,0
455996,0
456025,0
456058,0
456079,0
456088,0
456112,0
456164,0
456182,0
456206,0
456219,0
456222,0
456225,0
456229,0
456232,0
456249,0
456284,0
456288,0
456290,0
456362,0
456366,0
456382,0
456399,0
456427,0
456448,0
456606,0
456620,0
456669,0
456674,0
456704,0
456727,0
456740,0
456748,0
456751,0
456759,0
456760,0
456777,0
456810,0
456919,0
456929,0
456958,0
456975,0
456981,0
457029,0
457064,0
457065,0
457068,0
457099,0
457101,0
457115,0
457178,0
457299,0
457323,0
457327,0
457355,0
457406,0
457414,0
457472,0
457491,0
457522,0
457533,0
457535,0
457540,0
457543,0
457564,0
457581,0
457596,0
457611,0
457635,0
457667,0
457692,0
457698,0
457714,0
457723,0
457737,0
457775,0
457803,0
457878,0
457911,0
457924,0
457960,0
457961,0
457996,0
458082,0
458204,0
458213,0
458300,0
458325,0
458395,0
458420,0
458423,0
458425,0
458447,0
458453,0
458461,0
458468,0
458495,0
458537,0
458553,0
458591,0
458598,0
458613,0
458636,0
458677,0
458696,0
458707,0
458736,0
458756,0
458813,0
458875,1
458913,0
458914,0
458919,0
458970,0
458972,0
459087,0
459090,0
459151,0
459168,0
459169,0
459195,0
459217,0
459248,0
459286,0
459288,0
459291,0
459294,0
459307,0
459313,0
459363,0
459386,0
459429,0
459432,0
459438,0
459460,0
